start	end	text
0	27680	Ustedes no, ustedes están jóvenes, yo sí voy a comprar un poquito ahí, es que esa es
27680	34520	una entrada. Claro, yo aquí todo este pedazo no me meto, aquí yo me arriesgo y pongo el stop.
36520	41280	Un chumbo, hombre, pero yo compro acciones, no estoy yo operando aquí,
41280	44920	es que usted no tiene que estar operando, usted déjame a mí, sí,
44920	47360	yo se lo voy a mostrar ahorita, no tengo problema.
47360	67000	Vaya, en mi caso solamente he comprado 100 acciones aquí, si quieren pueden verlo,
67000	73320	no tengo problema es que no te diga nada, allí lo pueden ver pero no lo digan, no,
74160	79480	en Bin X no, es que en Bin X no tienen acciones, tienen futuro sobre acciones,
79480	88400	ahí compro acciones, yo acabo de comprar 100 acciones a este precio, como 89 mil dólares,
88400	94120	ahora lo que no he hecho todavía es ponerle el stop, ya lo voy a poner pero ustedes no lo hagan,
94440	104760	yo sí. Si yo veo el tiempo que tiene, el retroceso, una onda C, ahí compro yo,
104760	112320	que puedo perder, sí, pero Nvidia está en un nicho de inteligencia artificial que comenzando está,
112320	117400	entonces como por qué yo voy a decir que se desploma todo ahí, como yo voy en acciones,
117760	124920	yo puedo darme el lujo de perder un 10%, no, yo ya, sí, yo soy el hombre de ahora,
126680	133680	es que a mí no me importa esto, o sea, que yo vea rojito esto, no, es que está rojo, no me importa.
139200	144680	No, no, sí, no, bueno, en este caso pierdo el stop, aquí sí voy a usar el stop porque ya
144680	149640	tiene un movimiento importante, pero yo no puedo decir que ya no va a subir más,
149640	155280	primero porque está en el nicho de inteligencia artificial y el poder de cómbuto de inteligencia
155280	161480	artificial de la minería de que esta gente está provocando es enorme en el mercado de este momento,
161480	167600	entonces si yo le voy a hacer un suma a esto, me voy el gráfico diario, por ejemplo, mira,
167600	175600	mira, mira cómo está ahí, ese es el diario, vamos a ver el semanal,
178080	179840	hey, ojo con el celular, pues,
183520	191600	miren cómo va ahí, entonces, yo voy a quitar ya el dibujito, yo no, eso igual no lo voy a vender,
193360	195400	miren, es que mírenlo ahí,
198600	205040	a partir de aquí llevamos fuerza, direccionalidad, cambio de tendencia de bajista al SISTA,
205040	210800	ese es un gráfico de envidia en semanal, se da un movimiento al SISTA importante,
210800	215960	un lateral cuando nos marca nosotros, pendiente negativa con direccionalidad al SISTA,
215960	220040	esto ya sabemos que es que te quieren hacer dudar de que va a seguir subiendo,
220640	228280	esta zona y esta es una onda tres, si yo veo que tiene fuerza y dirección en el semanal aquí,
228280	232880	y esto va pura vela verdes, hay que ser demasiado salado para meterse en la roja,
232880	237640	sí o no, mire tantas velas verdes y cabal me meto en la roja,
239280	243240	o sea, sí, hay que meterse en la roja, pues, por eso estoy entrando yo, porque por eso es roja,
243360	248440	lo que pasa es que esa velita roja, si yo me voy a un gráfico menor,
249640	255960	de por ejemplo, del diario, es como que le damos un zoom, y el hacerle un zoom,
255960	260960	vemos que lo que hizo fue un lateral, aquí, esa velita tiene un lateral,
265040	272360	ven como analizamos esta velita, esta, y nos vamos al diario,
273240	288200	este tramo es la velita del semanal, solo que aquí ya tengo claro que este es un ABC,
289720	294880	que está sobre la media, que está tomando el punto cero, que tiene pendiente negativa,
294880	300160	yo no, aquí no me meto en lloro, bueno, de hecho yo compro acciones, no estoy comprando,
300560	307160	o sea, no estoy long, entonces yo le, ¿cuál es el miedo ahí?, o sea, usted no compre nada,
307160	312680	no, porque yo enseñándole estoy, pero yo no ando con cosas, yo le meto 90 mil dólares a eso,
312680	322640	y yo me quedo callado, pero eso sí, cuando sube, así gano también, o sea, yo no necesito joderme
322640	328720	mucho en gráficos de un minuto, porque yo cuando le meto, le meto algo que si gano,
328720	337280	le gano unos 7 mil o 10 mil dólares a ese trade, no, y vivo como antes, como cuando vivía con mi
337280	349120	mamá, o sea, gasto 500 mil, 500 mil, no, no, no, ando gastando, digamos, entre mil mensuales,
349120	356960	entonces con un trade de esos que me salga bien a mí, o no, yo vivo tres meses, entonces no
356960	366680	necesito como obligarme a operar el mercado, si no, cuando la tengo clara entro, entonces por eso
366680	372320	yo le digo a la gente, si usted ya tiene dinero, multiplicarlo es fácil, el problema es comenzarte
372320	379120	de cero cuando no tenés nada, ahí sí hay un problema, y me imagino que habrá alguien que les
379120	391120	enseñe a ganar dinero a partir de nada, ese no soy yo, no jodeo nada, yo de ellos no me
391120	404280	confío, yo solo saco billete de ellos, ah sí, pero sí, la HCA, la de HCA la aguanté porque no tenía
404280	411760	confianza en las stablecom, entonces yo dije para dónde me voy, bitcoin estaba en 19.650, compré bitcoin
411760	417880	y me fui al sector salud porque recién estaba comenzando la guerra en Ucrania contra Rusia,
417880	426840	entonces yo dije bueno, mire la gente siempre se enferma, si o no, y cuando uno está en el hospital
426840	434600	hasta vendés el carro con tal de que te tiende, entonces yo voy a ese gráfico y no es que sea mal,
434600	438720	pero es que en el mercado no hay ningún bueno que quiera ir a regalarle el dinero al otro,
438720	444720	ustedes creen que yo acabo de comprar envidia porque estoy pensando perder, no, yo no,
446000	452520	yo en mi envidia no voy a perder, porque eso que invertí allí no es un 100% de mi cartera,
452520	466160	es un porcentaje de mi cartera, o sea que cae 20% compro más, es que es envidia,
466160	476480	o sea no estoy comprando basura pues, no es un allí, es envidia, es como que me digan que van a
476480	483760	perder en coca cola, como rayos pierden en coca cola o en bitcoin, ahora que hay que tener
483760	490360	paciencia si, porque a veces uno compra y comienza a desplomarse todo, si yo compré aquí digamos en
490360	502680	899 estaría dispuesto a vender por arriba de mil dólares, aquí, arriba del máximo anterior,
503400	509360	porque el que compre aquí arriba probablemente se agarre la siguiente bajada y como aquí no tengo
509360	514560	un quiebre de estructura, ya van a ver, se acuerdan que estaba moviendo el quiebre de
514560	519840	estructura del padrón de quiebre de estructura, este máximo que está aquí
519840	534280	no tiene quiebre, si es un doble techo pero no tiene quiebre y este es un doble suelo,
534280	540960	que ni siquiera logra llegar al mínimo anterior y como voy a favor de la tendencia con un tiempo
540960	548560	desarrollado, miedo no tengo, puedo tener otra cosa menos miedo, seguimos, me dieron otro, me
548560	555040	dieron oro creo, verdad, pero en el diario si ya lo tengo.
569280	576160	Nota, o sea, a ti que quieren, porque yo les digo algo, esto está para futuros y luego, no podemos
576960	584880	jugar a ser adivinos a decir que va a caer ahí, o sea, como por qué caería, es como Bitcoin,
584880	593120	pues, o sea, concentrémonos en este, en el gráfico de cuatro horas, vaya, vean este,
597400	604680	el valle está para abajo, mi estrategia no es por valles, es por patrones, esto tiene pendiente
604680	611000	positiva, tiene volumen, tiene tendencia el cista, forma un ABC y sigue por arriba de la media de
611000	621440	diez periodos, con sweeps en el ADX, como por qué entrar en short aquí, no tiene un patrón para
621440	632840	salirse, no nos queda más que seguir en favor de la tendencia, la entrada era aquí,
634760	635760	no por eso,
637720	645000	no, era, era, era chiquierna, va, realidad,
647480	652880	pero es que más en el presente aquí era gráfico de una hora, en la temporalidad de cuatro horas,
652880	660240	en la de cuatro horas de entrada fue aquí, los patrones de entrada ya los conocemos nosotros,
664680	672160	mire, direccionalidad, pendiente positiva, tendencia alcista sobre la media, la entrada
672160	679940	fue aquí. Ahora, si yo lo que quiero es buscar una entrada aquí, entonces tengo que bajar
679940	694040	temporalidad. Entonces, voy a ir al gráfico de una hora. Ahora sí. Entrada uno, aquí.
694040	704800	Entrada dos, aquí. Mismo escenario, ¿no? Más o menos. Aquí ya hay duda. Ya no es
704800	709480	un patrón bien definido, pero como la tendencia sigue siendo alcista, igual yo no me meto
709480	718240	aquí. A la alza, yo sé que salió bien, pero igual yo no me metería allí porque
718240	725520	tengo duda. En tiempo presente, o sea, ustedes lo están viendo todo, ¿no? Ya sé lo que
725520	739720	voy a hacer. Es que la cuestión es que como mucha gente se acostumbra a explicar el pasado,
739720	745800	entonces a mí me cuesta explicar el pasado cuando ya conocemos el futuro. Entonces, ahí,
745800	751440	en un patrón como este, topadito a un máximo anterior, yo no entro en long ya porque debería
751440	758960	haber entrado antes. Entonces, si ya estoy cerca del máximo y de esta zona de resistencia,
758960	766120	yo allí no entro. Y me van a decir, pero subió, sí, pero es un patrón no operable.
766200	778840	que estén cerca del máximo, en doble techo, allí no entro. Aquí no. Ahí no. Aunque
778840	784440	me van a decir, Jaime, pero salió bien, sí, porque si nosotros lo vemos, siguió subiendo
784440	795720	más, ¿eh? Siguió subiendo más. Vamos al presente, aquí. Ese está más bonito. Obviamente
796720	802680	después de un movimiento a la media, lo más cerca, entramos en long, pero después de estas velitas rocas.
802680	817080	Aquí, por ejemplo. Y ojo, que ya estoy en una hora otra vez. Siempre me van empujando a modo
817080	824360	que me tiran el gráfico de una hora. Ya se fijaron, ¿verdad? Ahí van, ahí van. Pero está bueno,
824360	833760	seguimos. Pregunta. Hubo un pequeño mar en de error ahí. Era Goldfinch. Por alguna razón me
833760	853840	pido, pero era diferente a… Sí, es… OK, perdón. Entonces dime cuál. Goldfinch. ¿Cómo
853920	872560	lo encuentro? Muy difícil de escribir mal. ¿Gol? N, F, I, N, C, H. ¿Es una acción o una cripto?
873040	891760	Creo que va a ser una acción. Mejor no. Porque en todos no sé qué cosa es. ¿Este? Ah, entonces sí,
891760	910800	es cripto. Entonces tendría que estar aquí. ¿Gol? No, no, no. Bien, eso es el chamanán.
911760	922160	A ver, aquí ya estamos listos. Sí, pero no vamos a operar en el short, porque iríamos contra la
922160	929280	tendencia. Aquí lo que hay que hacer ya es anotarlo en un cuadernito y estar pendientes para que cuando
929280	939280	se desarpoide entramos en favor de la tendencia, del chamanán. OK, lo quiero operar en futuros.
939920	952960	Goldfinch. En el diario, esto es para abajo. En una onda A más o menos a los 2,400 por ahí. Ah, no,
952960	963040	¿cuánto es? 440, ¿no? 440 por ahí estaría en la onda A. Aquí, más o menos. Bebo, sube,
964000	970960	no logra superar el máximo, onda C, sabe un lateral. O sea, mira qué bonito encontrarte un
970960	976400	lateral. Ese es un lateral el que se va a formar ahí. Entonces si ya sabemos que va a formar un
976400	984640	lateral justo ahí donde está y con todo y pinbar. Esta es la buena. Entonces si tenemos esta pinbar,
984640	989440	direccionalidad, pendiente negativa, aquí lo que va a hacer es caer, sí, pero no a cambiar tendencia,
989440	995200	sino a formar un lateral. Entonces como sabemos que va a formar un lateral, tendríamos que abrir una,
995920	1001680	digamos, marcamos el máximo y el mínimo y definimos entrar en una onda A con un spot grid
1002320	1005040	para operar eso. Aquí que se opere solito.
1009360	1016000	En Beedinks. Pero todavía no estamos operando. O sea, eso no vamos a hacer. Vamos a operar mañana.
1016080	1021440	Hoy lo que quiero es que ya estemos bien marcados. Entramos aquí, salimos aquí,
1021440	1028320	aquí no operamos. Ya está, listo. Ese es el objetivo de hoy. Y mañana ya abrimos el exchange,
1028880	1036080	buscamos entradas y a operar. O sea, ustedes lo harían en paper trading. O sea, no van a operar
1036080	1042560	con dinero real. Pero si yo llego a ver algo que a mí me sirve, yo siguiente. Yo siguiente. Pero ustedes
1042560	1048720	no. Porque ustedes están en un proceso. Va a llegar un momento en que ustedes también le van a entrar
1048720	1053920	porque la van a ver clara. Pero mientras eso no sucede, ustedes no operan. Ustedes solo
1055760	1064720	son transeúntes aquí. Así no observan. Sí. Así vamos. Pero me gusta eso que hiciste ahí
1064720	1068880	porque ese es un lateral. Solo te está diciendo que va a dejar de subir. No que no va a seguir
1068880	1074960	subiendo. Solo que se va a detener de su nivel. Bien. Vamos al siguiente patrón no operable.
1074960	1081440	Este lo conocen bien. Yo estoy seguro todos. Siempre que esté topadito de la media móvil de 55
1081440	1088480	periodos, dentro de una tendencia bajista, no cobren nunca. Ejemplo.
1094480	1096480	Quiero ver en fin.
1111440	1131840	¿Qué? Ese es en que estaba moviendo. Correcto. Bien. El siguiente es este. Ese es el del men.
1131840	1148240	Ese es el del men. Entonces, eso es fácil de encontrar. Cuando ustedes vean, y eso es fácil de ver,
1148240	1156240	hay alguien que tiene duda de por qué eso tendría que caer. Porque si usted ve tiene como volumen,
1156960	1162560	tiene dirección, tiene pendiente positiva, pero es un movimiento anormal dentro de un lateral. O sea,
1162560	1166720	no es un movimiento orgánico. Esto es una manipulación y no se nos escapan porque tiene
1166720	1176480	un volumen anormal. Es decir, el que hizo esto es, con todo respeto, un tonto con dinero
1176480	1184240	porque no hizo el cálculo bien. Si lo que iba a hacer era acumular, no le vas a meter un billón de dólares
1184240	1190240	para comprar esto porque vas a ir a comprar hasta el último que estaba vendiendo en la parte alta.
1192240	1200240	O si es subinstitucional, a ese trader lo van a despedir porque él se fue a comprar a unas zonas
1200240	1204240	donde el precio no tendría que haber subido. No tendría por qué haberle metido todo este dinero.
1204240	1214240	¿Por qué? Tendría que calcular la venta que trae para no disparar el precio al alza porque si lo
1214240	1221240	llega a hacer nosotros nos damos cuenta por el volumen. Si usted se fija, todo el volumen es de
1221240	1229240	puros retainers, nosotros. Viene él y comete tremendo error. Míralo ahí, aquí está el ejemplo.
1229240	1236240	Entonces yo le doy clic al ejemplo y vean qué es lo que pasa. O sea que ese man ahí está pero de pechito
1236240	1255240	para que lo despedan. Mierda. Y ese es poco probable que les hagan. Este se merece una despedida
1255240	1263240	pero con todo y chumpe para la casa. Miren el volumen. Aquí no hay nada y sale el inteligente
1263240	1271240	con esto. Este es un trader nuevo contratado al vez en algún banco. ¿Cómo rayos alguien compra
1271240	1284240	aquí arriba? ¿Este es un institucional? Totalbo. Y cuando nosotros veamos eso, aquí no han de
1284240	1291240	comprando nada creyendo que eso va a subir. Ahora, ¿cómo se opera esto? Ahí el problema de ese
1291240	1298240	patrón. Porque como nosotros en el tiempo presente no son capaz que viene por aquí, ya nos estamos
1298240	1305240	queriendo meter en short. Entonces, ¿cómo saber cuál es el punto correcto para entrar en short?
1305240	1312240	Ese es el que vamos a trabajar ahora. Pero ese es un patrón de salida. Si usted ve esto y usted va
1312240	1319240	dentro de un movimiento de estos, por lo menos tendría que ir subiendo o usar un trading stop
1319240	1327240	o de forma manual irlo subiendo. Porque cuando cae, cae así. Ahora sí, démos un ejemplo de ese
1327240	1334240	y lo vamos a, el que sea, no importa. Esa es una cua alcista, correcto, pero se da más que todo
1334240	1343240	en memes, jc. Y no contestas las dudas. Es que no estamos en este momento en preguntas
1343240	1358240	y respuestas. Ahora sí. O sea, ahora sí. Preguntas. Tengo una que tal vez se parezca a esa.
1359240	1361240	Bueno, la de dos.
1361240	1377240	Es ahí.
1378240	1380240	Tec.
1380240	1382240	¿Ah, sí?
1382240	1384240	Sí.
1384240	1386240	La de Gaito.
1388240	1390240	¿Más abajo?
1394240	1396240	Está en Gaito.
1396240	1397240	¿Eso?
1397240	1399240	Sí.
1401240	1403240	En el diario.
1408240	1416240	No, pero esto no. Esto está bien. O sea, si tú te fijas, va haciendo esas respectivas pausas.
1418240	1428240	Y este parece ser el final de una onda 5. El que yo te puse es literal. O sea, mira el volumen.
1429240	1440240	El volumen es consistente. No hay un mechazo absurdo. Recuerden que cada velita de esta que está aquí abajo
1440240	1447240	en el mercado regulado es mejor todavía. Mira, esta velita corresponde a esta. O sea, estas están juntas.
1447240	1455240	Pues por eso que el volumen, el tiempo y el precio son una sola cosa. Entonces, esta velita corresponde a esta velita.
1455240	1461240	Si tú te fijas, todo Wallace tiene una consistencia. Ese escenario no aplica.
1462240	1470240	Vamos a, en este momento, solamente vamos a buscar ese patrón de salida que les he enseñado y vamos a tener una sección
1470240	1478240	para preguntas y respuestas. Pero no es esto. O sea, avancemos. Preguntas en este momento no.
1478240	1483240	Denme una cripto que tenga el patrón que les enseñé, de salida.
1489240	1495240	Ya vamos a tener un espacio para que puedan preguntar todo lo que quieran, pero vamos a avanzar con el temario.
1495240	1499240	No. Están viendo el anterior. Este es el anterior.
1500240	1507240	Ya hemos dicho que si se da este movimiento que no logra romper el máximo anterior, lo dejamos bajista, pero nazgal.
1507240	1509240	Lo voy a hacer yo, pero...
1511240	1512240	Bien.
1513240	1514240	Agua.
1514240	1515240	De.
1521240	1522240	De.
1528240	1529240	De.
1535240	1536240	De.
1541240	1542240	De.
1544240	1545240	De.
1551240	1552240	De.
1556240	1558240	Tienen que tener más historial.
1558240	1559240	Ok.
1559240	1566240	Y en este caso no, porque no hay mucho, no sé, tal vez en Mbnext tienen más historial.
1566240	1568240	Si está en Mbnext.
1571240	1573240	Es que es muy nueva.
1573240	1574240	Ok.
1577240	1584240	No, pero en Semanal no, porque en el Semanal el indicador en el Semanal es LEN.
1586240	1588240	El de...
1588240	1589240	Jesús.
1589240	1595240	En línea dicen que el patrón lo trae SLP y JTO.
1595240	1596240	Ok.
1597240	1602240	Los que están en línea también tienen las criptos que ustedes vean que tiene ese patrón.
1602240	1605240	Me dijiste SLP.
1606240	1611240	Sí, bueno, o sea, SLP está prohibido analizarlo, pero...
1612240	1616240	Es que miren, pues, ya vas a ver, míralo ahí.
1618240	1624240	Miren cuando ustedes... Sí, este, el que está allí en el online, miren esto.
1626240	1636240	Y aquí me voy a detener con este ejemplo y con este vamos a finalizar antes de pasar a preguntas y respuestas.
1636240	1638240	Pero con este me detengo porque es suficiente.
1638240	1640240	Está muy, muy bien hecho.
1640240	1645240	Y me sirve para explicar en qué momento se abre el short.
1645240	1649240	Si ustedes se fijan, hay un volumen aquí.
1649240	1651240	Está fuera de lo normal.
1651240	1656240	Se da un movimiento al cista vertical y el precio comienza a caer.
1656240	1658240	Nunca se metan aquí.
1660240	1667240	Así ustedes la vean clara, no se metan ahí porque aquí no estamos hablando del monitor ni de la fuerza ni de nada.
1667240	1677240	Aquí estamos hablando de un movimiento de alguien que le metió tanto dinero que el mercado se le quedó corto.
1677240	1687240	Y como esta cosa, que se llama SNP, vale 0.005 y en las últimas...
1692240	1697240	El volumen medio de los últimos 30 días es de 2.28 billones.
1697240	1699240	Eso no es nada, no es.
1700240	1709240	En el volumen de hoy estamos con 819.19 billones pero nada de hoy es de Juan.
1709240	1712240	No dice nada.
1712240	1717240	Bueno, miren esto.
1720240	1726240	En tiempo presente ustedes lo van a ver así, como en el ejercicio que yo les dije.
1727240	1730240	Aquí, así.
1730240	1735240	Un volumen totalmente descomunal en relación al anterior.
1735240	1743240	Después de eso van a ver que se da este patrón en donde comienza a caer.
1743240	1751240	Aquí no se metan nunca porque después de eso viene una vela verde que trata de buscar la liquidez que quedó aquí arriba.
1751240	1756240	Lo que pasa es que ese ya lo conocemos, es pasado pero me sirve para enseñar.
1756240	1762240	Es decir, el precio debería ir a buscar esta zona, que son zonas de liquidez, esta mecha.
1762240	1769240	Aunque el precio lo vean cayendo, espérense que trate de ir lo más cerca de encontrar el dinero que quedó aquí.
1769240	1772240	Y ahí está el short.
1772240	1775240	Ah, ya vamos a ver qué fue lo que pasó.
1775240	1777240	Pero, digamos, yo estoy asumiendo.
1777240	1779240	De hecho, no me acuerdo qué fue lo que pasó.
1779240	1782240	Lo que sí sé es que como que hace un lateral y luego cae.
1782240	1786240	Imagínense que esto es tiempo presente.
1786240	1793240	Si ustedes lo ven así, espérense que suba esta zona y ahí está el short.
1793240	1798240	Entonces, le voy a dar play y vamos a ver qué pasó porque no recuerdo si llega ahí.
1798240	1801240	Bueno, en ese caso salió casi perfecto.
1801240	1803240	Pero en la vida real tampoco pasa así.
1803240	1807240	Llega más o menos por aquí.
1807240	1809240	O sea, lo más cerca.
1809240	1811240	Aquí lo logró llenar perfecto.
1811240	1814240	El short es aquí, no aquí.
1814240	1818240	Porque este patrón nos dice que esto ya está agotado.
1818240	1820240	Con este muchacho joven que está aquí.
1820240	1822240	Aquí se agotó.
1823240	1825240	Entonces, después de este movimiento al cista,
1825240	1827240	cuando se llena esta área de liquidez,
1827240	1829240	el short aquí es.
1829240	1831240	No aquí.
1831240	1834240	Esta es la confirmación que cuando vuelva a subir aquí,
1834240	1837240	hace como un doble techo y aquí metemos short.
1837240	1839240	Y no miren aquí.
1839240	1842240	Porque aquí sí ya no estamos porque por el baño,
1842240	1844240	que la fuerza no es nada.
1844240	1846240	Este está loco.
1846240	1849240	Aquí estamos tratando de hacer un corte.
1850240	1854240	Aquí estamos tratando de quitarle el dinero a este.
1855240	1857240	O sea, que aquí no me platiquen de que hay un baño
1857240	1859240	o que no nada.
1859240	1861240	Este está loco.
1861240	1864240	Porque este no tuvo que haber hecho eso.
1865240	1868240	Es decir, es como...
1868240	1870240	Es su 30 de mandato.
1870240	1873240	No puede llegar a meterle un billón de dólares a un token
1873240	1875240	que no lo conoce ni la mamá de nadie.
1875240	1878240	Porque lo que va a pasar es esto.
1878240	1881240	Y vas a sacar una tremenda vela como esta.
1881240	1884240	Entonces, por eso hay gente que pone órdenes de venta
1884240	1888240	en bitcoin, por ejemplo, en 200.000 dólares.
1888240	1890240	Y esto estoy hablando en serio.
1890240	1893240	Si ustedes van a ver el order book de Binance,
1893240	1897240	hay órdenes de venta en 200.000 dólares en bitcoin.
1897240	1900240	Y uno dice, pero esos están locos, ¿no?
1900240	1903240	De repente puede venir alguien,
1903240	1906240	que no sé, un millonario por ahí en algún yate medio tomado,
1906240	1909240	y le mete todo lo que tiene en el banco,
1909240	1911240	le pone un par de cerritos más
1911240	1914240	y le pega el mechazo y ambitmex.
1914240	1917240	Por eso pasan cosas como esta.
1917240	1919240	Porque la gente millonaria de verdad,
1919240	1924240	de repente se les va un poquitito,
1924240	1927240	se les escapa un par de ceros
1927240	1930240	y pasan cosas como esta.
1930240	1933240	Ya van a ver.
1934240	1939240	Sí, hay una, esto creo que es XBT.
1939240	1942240	Sí, ¿cómo no?
1942240	1944240	No, quiero ver.
1944240	1947240	O entonces no, si yo la había, hombre.
1947240	1950240	En bitcoin hay una velita que pasó en...
1950240	1953240	Ajá, esa ¿dónde está?
1953240	1957240	No, no, pero esa fue esa vieja, ambitmex.
1957240	1960240	Pasó hace 15 días.
1960240	1963240	Si yo lo vi, ¿por qué no está?
1963240	1966240	Sí, ese es el futuro.
1966240	1969240	Te voy a poner BTSOCD y me voy ambitmex.
1969240	1971240	Solo quiero que lo vean para que vean
1971240	1974240	por qué la gente hace eso.
1976240	1978240	Alguien me dice cómo lo encuentro,
1978240	1981240	para que lo veamos todos, porque no todos lo han visto.
1981240	1985240	Necesito hoy sí, necesito encontrarlo.
1986240	1989240	¿Lo hacía usted?
1989240	1992240	Sí, pero quisiera que lo veamos aquí.
1994240	1997240	O si no, pues ni modo, lo voy a poner en...
1999240	2002240	Ah, bueno, lo veamos entonces.
2004240	2007240	¿Ves quién está ese sendillo?
2007240	2010240	No voy a iniciar sesión.
2010240	2013240	Pero si me siguen, pero yo quiero verlo,
2013240	2016240	¿alguien tiene que tenerlo por ahí o no?
2017240	2020240	¿XBTUSDT?
2029240	2032240	Está como XBTUSDT
2032240	2035240	y está ambitmex.
2035240	2038240	Bitcoin Threader Linear Shooters Contract.
2038240	2041240	Linear Shooters, el de arriba.
2044240	2047240	No, en la lista que te había salido.
2051240	2054240	Y Linear Shooters con el segundo.
2054240	2057240	Ese.
2057240	2060240	Ya va a salir.
2060240	2063240	Neces.
2063240	2066240	Sí, aquí a mí me sale.
2066240	2069240	¿XBTUSDT?
2069240	2072240	Un día ambitmex.
2072240	2075240	Bitcoin Threader Spot.
2076240	2079240	¿XBTUSDT?
2080240	2083240	Si alguien me ayuda, porque yo quiero ver ese gráfico.
2086240	2089240	¿XBTUSDT? Dale, dale.
2089240	2092240	Es que por eso,
2092240	2095240	estos millonarios son los que se andan
2095240	2098240	metiendo allá
2098240	2101240	en cosas raras y son gente que de verdad tienen
2101240	2104240	muchísimo. Entonces, si ustedes vean
2104240	2107240	Binance, hay órdenes de Bitcoin
2107240	2110240	como en 223 mil dólares.
2110240	2113240	Y allí están. Están puestas.
2113240	2116240	Y uno dice, pero ¿y esto qué? ¿Por qué?
2116240	2119240	Porque de repente hay gente que sí tiene dinero.
2119240	2122240	O sea, nosotros nos quedamos
2122240	2125240	nada, ¿no? Y ellos de repente por las noches
2125240	2128240	por poner que van a vender, no sé, un millón,
2128240	2131240	ponen un par de cereitos y venden 100 billones.
2131240	2134240	Entonces sale la velita así,
2134240	2137240	tremenda, lo mandan hasta 8 mil dólares.
2137240	2140240	Entonces si uno se pone una orden por ahí
2140240	2143240	de compra en 15 mil dólares en Bitcoin, en Bitmex,
2158240	2161240	miren,
2161240	2164240	este es un estúpido.
2164240	2167240	Es un tonto.
2167240	2170240	O sea, este, este,
2173240	2176240	sí saben lo que hizo este individuo,
2176240	2179240	¿verdad? Fue a vender
2179240	2182240	un millón de dólares.
2182240	2185240	O sea,
2185240	2188240	sí saben lo que hizo este individuo, ¿verdad?
2188240	2191240	Fue a venderle a la gente que estaba comprando
2191240	2194240	hasta el 10 mil dólares.
2194240	2197240	O sea, vendió lo que tenía, lo seguí BTC,
2197240	2200240	que equivale a un BTC, lo fue a vender
2200240	2203240	hasta en 10 mil dólares.
2203240	2206240	Exactamente. Como lo vendió todo
2206240	2209240	a mercado.
2209240	2212240	Yo no sé qué estaba haciendo, pero seguramente estaba medio
2212240	2215240	tequila con mezcal y le echó chile,
2215240	2218240	no sé.
2218240	2221240	Y le metió una cantidad que no corresponde
2221240	2224240	al mercado. Entonces uno ve esto
2224240	2227240	y aquí hay que sospechar
2227240	2230240	de que el que hizo eso no es
2230240	2233240	algo normal en el mercado.
2233240	2236240	Ahora, como esto es XBT
2236240	2239240	y por el arbitraje
2239240	2242240	no, y es futuro,
2242240	2245240	tiene que ir junto con el spot.
2245240	2248240	Por arbitraje no se puede quedar aquí abajo.
2248240	2251240	Entonces de repente hubo mucha gente que compró
2251240	2254240	esto está vendiendo.
2254240	2257240	En 10 mil gente en compra, 11 mil, 12 mil,
2257240	2260240	15 mil gente que compra Bitmex. Aquí compraron.
2260240	2263240	Y ahora está en 60 mil.
2263240	2266240	Así. De la nada millonario.
2266240	2269240	Ese fue un golpe de suerte.
2269240	2272240	Pero nosotros tampoco estamos exentos
2272240	2275240	de que tengamos un golpe de suerte, pero es por el volumen.
2275240	2278240	Entonces entre menos capitalización
2278240	2281240	tenga el token que vayamos a operar
2281240	2284240	hasta yo lo puedo mover. De hecho yo hice
2284240	2287240	un experimento hace poco, no le voy a decir en cuál.
2287240	2290240	500 dólares le metí. Y así el tremendo
2290240	2293240	belazo que le saqué. Obviamente
2293240	2296240	el volumen diario era de 70 dólares.
2296240	2299240	Pero
2299240	2302240	me gusta experimentar ahí basura, no, pero
2302240	2305240	yo le metí 500 dólares y tal cual.
2305240	2308240	Así. Sí, para sentirme
2308240	2311240	chilito. Salen el gran mechazo
2311240	2314240	y el volumen y luego cae de volumen.
2314240	2317240	Por eso hay que saber esto.
2317240	2320240	Porque de repente les puede llegar la suerte.
2323240	2326240	Preguntas.
2326240	2329240	Tanto los que están en línea, Jesús,
2329240	2332240	busco ahí con los...
2332240	2335240	con las preguntas. De los que están en línea
2335240	2338240	y los presentes en línea.
2338240	2341240	¿Qué es lo que está en línea?
2341240	2344240	¿Qué es lo que está en línea?
2344240	2347240	¿Qué es lo que está en línea?
2347240	2350240	¿Qué es lo que está en línea?
2350240	2353240	Con las preguntas. De los que están en línea
2353240	2356240	y los presenciales. Vamos aquí por todas
2356240	2359240	a preguntas.
2359240	2362240	Yo no tengo mucho tiempo operando desde agosto pasado.
2362240	2365240	He cometido muchos errores.
2365240	2368240	Empecé en Mercado Libre, ¿no? Y compré
2368240	2371240	este chile.
2371240	2374240	Me fue bien porque todavía estábamos abajo, ya después vendí.
2374240	2377240	Y me pasó uno de esos errores como de esa vinita.
2377240	2380240	Pero sí,
2380240	2383240	la duda es,
2383240	2386240	¿cómo puedo hacer
2386240	2389240	si es una cantidad grande la que quiero comprar
2389240	2392240	para que yo no vaya subiendo el precio?
2392240	2395240	O, por ejemplo, el que decía es que van a despedir.
2395240	2398240	Si yo veo, por ejemplo, que el Dodge
2398240	2401240	cayó y a lo mejor yo sí quiero comprar
2401240	2404240	mucho para que suba y venderlo a ese precio,
2404240	2407240	eso es lo que ya no entendí.
2407240	2410240	O como para cuando ya quiera vender todo,
2410240	2413240	lo mucho que compré, cómo hacerlo
2413240	2416240	para que no vaya a ir afectando, o es de poco a poco.
2416240	2419240	O sea, si yo ya aprendí que no lo debo de hacer a mercado.
2419240	2422240	No duda.
2422240	2425240	Yo me quiero acercar porque yo escuché que usted dijo que vio
2425240	2428240	Mercado Libre, a Melly, a la Acción.
2428240	2431240	No, no, no. A Mercado Pago
2431240	2434240	y ya puedes comprar cripto.
2434240	2437240	Ahora ya no lo hago ahí.
2437240	2440240	Usted iba a ser mi amiga, si usted pumpea el mercado.
2440240	2443240	Usted no pumpea a Melly, no, ni a mí.
2443240	2446240	Imaginad lo que se necesita
2446240	2449240	para pumper Melly en acciones.
2449240	2452240	Pero mire, no sabía, ¿dónde compró, dice?
2452240	2455240	En Mercado Pago, pero bueno, ahí te digo que me fue bien
2455240	2458240	porque compré ahí, cuando no sabía nada.
2459240	2462240	Sí.
2462240	2465240	Compré cripto y luego compré el mercado, Melly.
2465240	2468240	Pero hace cuenta que ya fui aprendiendo.
2468240	2471240	¿Pero le subió después de que usted compró?
2474240	2477240	No, no, no. O sea, yo compré
2477240	2480240	chai lin.
2480240	2483240	O sea, pero él está diciendo que el lin...
2484240	2487240	Sí, pero a ver, ¿alguien que mueva el lin?
2487240	2490240	No, no, no. Estamos hablando de...
2490240	2493240	Obvio, como si ya lo hubiera comprado, pero no, ella.
2493240	2496240	Ella dice que compró porque subió al mercado y ahí lo vendiste.
2496240	2499240	No, no, no. O sea, en lin no pasó nada.
2499240	2502240	O sea, igual, sí.
2502240	2505240	Por ejemplo, todo lo que he comprado sí he comprado mucho.
2505240	2508240	Pero mi problema ha sido...
2508240	2511240	O sea, y gracias a Dios, por ejemplo, lin,
2511240	2514240	yo lo compré creo que en 13.
2514240	2517240	Luego subió a 15 y lo vine, ¿no?
2517240	2520240	Pero mi problema fue, por ejemplo, una cosa
2520240	2523240	que se llama... cuando entré, investigué ahí en este...
2525240	2528240	Binx, algo así.
2528240	2531240	Compré ena. Entonces me decía ahí
2531240	2534240	que lo coldeara por 50 días.
2534240	2537240	Bueno, pues ya. Y luego bajó y dije, no, bueno,
2537240	2540240	ya tuve una ganancia como del 2% y
2540240	2543240	tenía como un mes comprando criptos
2543240	2546240	y lo vendía al mercado.
2546240	2549240	Y perdí.
2549240	2552240	Pero jamás lo vuelvo a hacer.
2552240	2555240	Pero ahora mi duda es si yo quisiera comprar
2555240	2558240	cuando ya tengo una corrección Bitcoin y quiero comprar
2558240	2561240	menos así, ¿cómo le...
2561240	2564240	Bitcoin no le tenga miedo. Yo no creo que...
2564240	2567240	O sea, sí, pero para que no...
2567240	2570240	Siempre lo tengo que vender al límite o comprar al límite.
2570240	2573240	No, vente al mercado. Lo único que le digo es
2573240	2576240	hablemos del top 50, del top 100.
2576240	2579240	Si usted logra hacer caer
2579240	2582240	a Bitcoin cuando usted vende, usted es mi amigo.
2582240	2585240	De hoy somos nosotros amigos.
2585240	2588240	Sí, si usted vota XRP,
2588240	2591240	Nike o Neo, si llega usted a votar
2591240	2594240	a Ethereum, es mi amigo.
2594240	2597240	Yo le doy mi número de teléfono personal
2597240	2600240	y nos tomamos un cafecito.
2600240	2603240	Ahora, si usted se va a ir a meter
2603240	2606240	y vende...
2606240	2609240	Miren, no se mete en...
2609240	2612240	Ya a su nivel, yo creo que usted no tiene que andar buscando
2612240	2615240	tokens allá del 500 o 1000 hacia abajo
2615240	2618240	en capitalización, porque sí lo va a votar.
2618240	2621240	O sea, lo va a votar y como pasó ahí.
2621240	2624240	Entonces, solamente el top 50.
2624240	2627240	Y si aún así vota esos...
2627240	2630240	By millions.
2630240	2633240	No, hombre, vamos a...
2633240	2636240	Ya somos nosotros.
2636240	2639240	No, y además, Jaime,
2639240	2642240	te voy a aquí complementar eso también a lo importante.
2642240	2645240	Por ejemplo, dices que lo hiciste en Mercado Pago, ¿no?
2645240	2648240	También tienes que revisar la liquidez de dónde estás comprando,
2648240	2651240	el volumen, porque independientemente,
2651240	2654240	tú puedes hacerlo de vender en market Bitcoin,
2654240	2657240	pero si en Mercado Pago el volumen es de 1000 dólares
2657240	2660240	y tú quieres vender 2000, pues vas a generar un mechazo de esos.
2660240	2663240	De hecho, no sé si conociste aquí en México
2663240	2666240	una extrema que se llamaba Tauros.
2666240	2669240	Bueno, ya quebró justamente por falta de liquidez
2669240	2672240	y ahí tú todos los días veías órdenes mechazos para arriba
2672240	2675240	y para abajo, pero obviamente no lo puedes hacer
2675240	2678240	donde lo vayas a hacer, siempre revisa el volumen
2678240	2681240	de 24 horas y si está por encima
2681240	2684240	de lo que tú quieres comprar y vender, está bien.
2684240	2687240	Pero si el volumen, como dice Jaime, oye,
2687240	2690240	el token que él quería comprar, el volumen era de 70 dólares
2690240	2693240	y él quería vender 500, pues vas a terminar moviendo el mercado.
2693240	2696240	Entonces, donde operes, revisa el volumen
2696240	2699240	y si está conforme a lo que tú vas a comprar o vender,
2699240	2702240	estás bien. No más hay cómo agregar.
2702240	2705240	Muy buen punto, y por eso no...
2705240	2708240	Bueno, yo no conozco qué es eso del mercado pago,
2708240	2711240	yo no conozco eso, pero
2711240	2714240	yo asumo que operan en un exchange
2714240	2717240	que tiene volumen, digamos, como, no sé,
2717240	2720240	Binance o, bueno, todos los más conocidos.
2720240	2723240	Entonces,
2723240	2726240	es importante lo que dijo César,
2726240	2729240	porque si ese exchange no tiene volumen,
2729240	2732240	esto se va a quebrarse aún.
2732240	2735240	Y no sé por qué compran ahí, o sea, no, hay que moverse
2735240	2738240	a otro, que sí tenga volumen.
2738240	2741240	Pero estoy seguro que tu duda sigue sin resolver. Creo que se resuelve
2741240	2744240	entendiendo la diferencia entre poner una orden
2744240	2747240	límite y una orden mercado.
2747240	2750240	O sea, cuando tú pones una orden de venta
2750240	2753240	a mercado, te consumes la liquidez.
2753240	2756240	Entonces, empiezas a vender en un precio y te lo vas consumiendo.
2756240	2759240	Si puedes la orden de venta límite, es, tú marcas
2759240	2762240	tu precio específico de venta, es decir, voy a vender
2762240	2765240	ahorita Bitcoin a $66,000 dólares.
2765240	2768240	Sí, yo sí me lo voy a pagar a $66,000 dólares. Creo que
2768240	2771240	ese es el error y creo que esa era la duda que tenías.
2771240	2774240	¿Cierto?
2774240	2777240	Necesito Woodcam de cinco días, dice Claudia.
2777240	2780240	Sí, es que hay mucha información, que
2780240	2783240	vamos bien con los tiempos,
2783240	2786240	pero hay más información todavía que podríamos
2786240	2789240	trabajar
2789240	2792240	y que no sé si nos va a dar el tiempo. Pero el contenido
2792240	2795240	mío sí lo cubrimos. Pero, por ejemplo, ayer con ellos estuvimos
2795240	2798240	hablando de otros temas que hoy voy a hablar con
2798240	2801240	ustedes, que ya son otras dos horas más.
2801240	2804240	Entonces, yo siempre he dicho que para hacer
2804240	2807240	algo como esto se necesita por lo menos una semana,
2807240	2810240	porque si yo les tiro toda la información de golpe,
2810240	2813240	no se puede asimilar mucho, porque es mucho.
2813240	2816240	O sea, no, no, en que yo se la den, no la van a
2816240	2819240	agarrar. Hay que asimilar mucho.
2819240	2822240	Vaya que yo estoy ahí con gusto.
2822240	2825240	Gratis. Pero eso sí.
2825240	2828240	Sí, pero eso sí. Tampoco me van a pagar a mí,
2828240	2831240	me lo calmo.
2831240	2834240	Bueno, ahí estoy.
2834240	2837240	Aquí tenemos una pregunta de Rubén en línea
2837240	2840240	que habla de la diferencia entre un pump and dump
2840240	2843240	y meterse en long. ¿Cómo se puede diferenciar
2843240	2846240	eso para saber si se posiciona en short
2846240	2849240	o en long en dado caso de que fuera
2849240	2852240	una tendencia alcista o simplemente un pump and dump?
2852240	2855240	Perdón, es que se me fue aquí
2855240	2858240	la pantalla, no sé si.
2858240	2861240	Voy a desconectar un momento.
2861240	2864240	No, pero
2864240	2867240	si el cable está aquí, no gana.
2867240	2870240	Ah.
2874240	2877240	Va.
2889240	2892240	Eh, eh, OK.
2892240	2895240	La pregunta no, porfa, eso disculpe.
2895240	2898240	Claro.
2898240	2901240	Es de Rubén, habla de cómo podemos diferenciar
2901240	2904240	entre un pump and dump y una tendencia alcista
2904240	2907240	para saber si hay que posicionarse short
2907240	2910240	o long.
2910240	2913240	OK. Recuerden que ustedes tienen
2913240	2916240	un documento
2916240	2919240	donde, bueno, básicamente es el principio
2919240	2922240	y es la parte teórica donde usted
2922240	2925240	puede revisar
2925240	2928240	cómo se ve una tendencia.
2928240	2931240	En el ejemplo,
2931240	2934240	si usted se fija aquí,
2934240	2937240	esta no es una tendencia.
2937240	2940240	La tendencia, de acuerdo a la teoría de Charlie Down,
2940240	2943240	usted la puede, lo que pasa es que yo le he hecho un resumen.
2943240	2946240	Eso está el principio, ¿no?
2946240	2949240	Lo trabajamos
2949240	2952240	ya de golpe cuando estábamos viendo las tendencias.
2952240	2955240	Esto es una tendencia.
2955240	2958240	Va.
2961240	2964240	Les vamos a hacer un look.
2968240	2971240	OK, perfecto.
2971240	2974240	Eso es una tendencia.
2974240	2977240	Si ustedes se fijan, el movimiento tiene un tiempo.
2977240	2980240	Cada movimiento tiene un tiempo.
2980240	2983240	La diferencia
2983240	2986240	con el otro patrón
2986240	2989240	es que no tiene un tiempo,
2989240	2992240	sino que desde aquí, o sea, que es como que esta flecha
2992240	2995240	la pusiera yo aquí.
2995240	2998240	El tiempo. Aquí hay un tiempo.
2998240	3001240	Aquí hay otro y aquí hay otro.
3001240	3004240	¿Es cierto que el precio puede ir de 0 a 500
3004240	3007240	en 15 días?
3007240	3010240	Pero si va de 0 a 500 en un día,
3010240	3013240	¿no es lo mismo?
3013240	3016240	Entonces, la tendencia va con tiempo.
3016240	3019240	El pan va sin tiempo.
3019240	3022240	Ese sube hoy
3022240	3025240	y mañana tal vez, y luego ya sabe,
3025240	3028240	para abajo.
3028240	3031240	Siguiente pregunta.
3031240	3034240	Jaime.
3034240	3037240	Oye, Jaime, yo no suelo operar este tipo de patrones
3037240	3040240	de pop and down, pero una pregunta.
3040240	3043240	¿Le pones regularmente stop loss
3043240	3046240	o es así a sin pecho y a wreck a bust?
3046240	3049240	A pelo en pecho.
3049240	3052240	En ese patrón que les mostré, yo no uso stop.
3052240	3055240	No uso stop
3055240	3058240	porque como la volatilidad que lleva
3058240	3061240	es de alguien que está moviendo el mercado
3061240	3064240	por diferentes razones,
3064240	3067240	puede ser que mi timing no sea el correcto.
3067240	3070240	Incluso entrando yo en short donde les dije,
3070240	3073240	sigue subiendo un poco más.
3073240	3076240	Entonces, si le pongo un stop, voy a perder.
3076240	3079240	Es casi seguro. Si no se lo pongo
3079240	3082240	y voy a 5X, puedo soportar la volatilidad
3082240	3085240	y luego cae. Es decir, que voy a pasar
3085240	3088240	en rojo y luego ya me pongo en verde, ¿no?
3088240	3091240	Ahora, durante ese proceso nosotros vamos
3091240	3094240	a pasarla mal
3094240	3097240	si técnicamente lo han hecho mal. ¿A qué me refiero?
3097240	3100240	En un exchange, ustedes tienen aislado
3100240	3103240	y tienen...
3103240	3106240	y tienen cruzado, aislado y cruzado.
3106240	3109240	Yo en esos escenarios voy aislado,
3109240	3112240	no sé, con 100 dólares que sí estoy dispuesto a perder
3112240	3115240	sin stop. Aislado, no cruzado.
3124240	3127240	Leonardo, el patrón de salida.
3127240	3130240	Está ahí en virtual, el patrón de salida.
3130240	3133240	El patrón de salida en la icon es el mismo
3133240	3136240	que el de bitcoin.
3136240	3139240	Sí, unas tardes. Es mi primer welcome que vengo.
3139240	3142240	En short, en ese ejemplo
3142240	3145240	aproximadamente, ¿cuál es el recomendable
3145240	3148240	que es apalancarte 2X igual a 100 dólares
3148240	3151240	sin stop?
3151240	3154240	¿2X, 3X en short?
3154240	3157240	Ah, yo lo hago a 5X. Max.
3157240	3160240	Lo que pasa que si me subo las X, es como usar
3160240	3163240	un stop. Entonces, de preferencia 3X
3163240	3166240	o 5X en aislado y un dinero que sí
3166240	3169240	estoy dispuesto a perder.
3169240	3172240	Porque ese patrón sí es peligroso.
3172240	3175240	Si se hace mal por la volatilidad, lo pierdo.
3175240	3178240	Ok, gracias.
3181240	3184240	Aquí tenemos otra pregunta
3184240	3187240	en línea de Brian. Dice, divergencia
3187240	3190240	contra tendencia, contra estructura.
3190240	3193240	A ver, divergencia
3193240	3196240	y contra tendencia.
3196240	3199240	Divergencia, contra tendencia, contra estructura.
3202240	3205240	La divergencia, contra tendencia
3205240	3208240	es un rebote del sistema médic.
3208240	3211240	El quiebre de estructura
3211240	3214240	no es una divergencia
3214240	3217240	bajista. No necesariamente
3217240	3220240	el monitor va a acompañar el precio.
3220240	3223240	Lo que pasa que ya sé por dónde va él.
3223240	3226240	Él cree que cuando el precio
3226240	3229240	no logra superar el máximo anterior,
3229240	3232240	es porque abajo
3232240	3235240	tiene un patrón de divergencia
3235240	3238240	bajista dentro de una tendencia
3238240	3241240	al sistema, es decir, el patrón contrario.
3241240	3244240	Y si no le entendí,
3244240	3247240	que me confirme, pero vi a alguien aquí
3247240	3250240	preguntando también qué tiene que ver
3250240	3253240	o cómo se aplica Wyckoff, Elliot
3253240	3256240	y Charlie Down en mi estrategia.
3256240	3259240	Es que mi estrategia ya es el extracto de eso.
3259240	3262240	Porque si comenzamos a hablar solamente de Elliot
3262240	3265240	de aquí, necesitamos una semana para Elliot,
3265240	3268240	una semana para Wyckoff y una semana
3268240	3271240	para Charlie Down. Y la última semana
3271240	3274240	van a estudiar mi estrategia.
3274240	3277240	Una semana entera. Entonces, tendríamos que tener un mes
3277240	3280240	para hacerla.
3280240	3283240	Entonces, mi estrategia ya incluye todo. De hecho,
3283240	3286240	lleva Fibonacci en invertido.
3286240	3289240	Lo que pasa es que no se los estoy explicando porque si me pongo a hacer eso
3289240	3292240	no va a quedar nadie aquí o nos acabamos el café.
3292240	3295240	Porque es aburrido la teoría, se me duermen todos.
3296240	3299240	Hombre, había alguien ahí que hoy por la mañana me estaba diciendo
3299240	3302240	que el punto. Entonces, tampoco
3302240	3305240	podemos ir al punto, pero yo llevo los cálculos de tiempo
3305240	3308240	donde yo considero que usted sí puede aprender
3308240	3311240	como el extracto, ¿no?
3311240	3314240	Pero si yo me voy directamente
3314240	3317240	a enseñar esto desde cero,
3317240	3320240	tendría que comenzar a
3320240	3323240	enseñarle, por ejemplo, la estructura de velas japonesas.
3323240	3326240	La velita tal cual.
3326240	3329240	Pero eso lo hice antes de que estuviéramos aquí.
3329240	3332240	Se los estuve mandando, les mandé varios documentos
3332240	3335240	para que cuando ya vinieran aquí
3335240	3338240	vinieran con un nivel básico para que comenzáramos
3338240	3341240	de intermedio avanzado. Y avanzado no hemos llegado todavía
3341240	3344240	porque es ya la operativa.
3344240	3347240	Siguiente pregunta.
3347240	3350240	Aquí tenemos varias.
3350240	3353240	Una dice, exchange contra broker.
3353240	3356240	¿Costas, beneficios o cuál prefieres?
3356240	3359240	Y bueno, ya de paso hablando de esto,
3359240	3362240	alguien más pregunta, ¿cuál es la diferencia entre
3362240	3365240	margen aislado y margen cruzado?
3365240	3368240	Ok, ok, ok.
3368240	3371240	Bien, un broker está regulado.
3371240	3374240	Un exchange normalmente no.
3374240	3377240	Los exchanges se van regulando de acuerdo
3377240	3380240	a las exigencias de cada país.
3380240	3383240	Por ejemplo, Vinex.
3383240	3386240	Hay exchanges que sí están regulados
3386240	3389240	y en el caso de Vinex se han fijado que no pide
3389240	3392240	KYC. Pero en su país
3392240	3395240	¿intentan hacerlo en Estados Unidos?
3395240	3398240	No se puede. ¿Por qué? Porque es una estrategia
3398240	3401240	bastante inteligente de poder tener sus usuarios
3401240	3404240	en los países que no están regulados.
3404240	3407240	Por ejemplo, yo soy salvadoreño. ¿Por qué me van a pedir
3407240	3410240	un KYC a mí si el salvador no lo está exigiendo
3410240	3413240	Vinex que lo pida?
3413240	3416240	Ahora, si el salvador dijera
3416240	3419240	este exchange tiene que tener KYC,
3419240	3422240	o sea, que tiene que pedirme mi... igual ya estoy
3422240	3425240	el DNI, el pasaporte, el nombre de mi madre,
3425240	3428240	el nombre del perrito.
3428240	3431240	Entonces, Vinex puede hacer dos cosas.
3432240	3435240	Sí. Ahora, los
3435240	3438240	brokers normalmente están regulados
3438240	3441240	por entidades financieras y están autorizados
3441240	3444240	para operar en ese país. ¿Por qué es un mercado regulado?
3444240	3447240	El mercado cripto es un mercado gris.
3447240	3450240	Que no está regulado.
3450240	3453240	Por lo tanto, no está prohibido.
3453240	3456240	Pero no es ilegal tampoco.
3456240	3459240	O sea, no hay regulaciones.
3459240	3462240	Casi no sea y cada quien vea cómo hace.
3462240	3465240	Esa es la diferencia.
3465240	3468240	Ah, y la otra pregunta era de...
3468240	3471240	Yo no soy político. A mí una por una, porfa.
3471240	3474240	De la diferencia de margen aislado y margen cruzado.
3474240	3477240	El cruzado, si usted lo elige, tenga cuidado porque
3477240	3480240	cuando usted elige cruzado, lo que le está diciendo el exchange
3480240	3483240	es que use el capital de toda su cuenta
3483240	3486240	para mantener una posición en pérdida.
3486240	3489240	¿No está pensando que cuando el precio cae
3489240	3492240	usted va a perder el 100%? No.
3492240	3495240	Puede llegar a perder un 500%.
3495240	3498240	Sí. Si va en cruzado, va a perder
3498240	3501240	tanto hasta que el dinero
3501240	3504240	de su cuenta se agote.
3504240	3507240	O sea, haya perdido el 100% de toda la cuenta.
3507240	3510240	En cruzado.
3510240	3513240	Cuando usted abre aislado y usted abre con 100 dólares,
3513240	3516240	el máximo que puede perder son 100 dólares.
3516240	3519240	No 1,000 dólares.
3519240	3522240	En cruzado, si usted abre una posición con 100 dólares,
3522240	3525240	que es el 10% de 1,000, en short, por ejemplo,
3525240	3528240	y va cruzado, si el precio comienza a subir,
3528240	3531240	el 100% de 100 es 100.
3531240	3534240	¿Sí o no? Entonces, cuando
3534240	3537240	venga a sentir va a perder 1,000%,
3537240	3540240	que es el total de la cuenta.
3540240	3543240	Entonces, lo que se hace es...
3543240	3546240	le estás diciendo, ocupe todo el dinero
3546240	3549240	de mi cuenta para mantener las pérdidas.
3549240	3552240	En cruzado.
3552240	3555240	Por eso les dije que en el patrón anterior
3555240	3558240	no se hace cruzado, solamente aislado,
3558240	3561240	porque podemos decidir perder un 10%,
3561240	3564240	pero va a ser 10%, no 100%.
3564240	3567240	Siguiente pregunta.
3567240	3570240	Aquí tenemos dos personas
3570240	3573240	que preguntan sobre futuros perpetuos.
3573240	3576240	Uno es Tame Sotro Sergio.
3576240	3579240	Preguntan principalmente la diferencia
3579240	3582240	entre futuros perpetuos y futuros estándar.
3582240	3585240	Bueno, es que los estándar normales...
3585240	3588240	Yo no he visto... BinEx tienen estándar y perpet.
3588240	3591240	Ninguno de los dos tiene caducidad.
3591240	3594240	De acuerdo, yo no he visto que tengan caducidad.
3594240	3597240	En otros exchanges se maneja solo Perpetual.
3597240	3600240	La diferencia entre el estándar y el perpetual
3600240	3603240	es que el estándar es más para...
3603240	3606240	con cariño es más para novatos.
3606240	3609240	Y el perpetual es para gente más profesional.
3609240	3612240	Así, de simple.
3612240	3615240	O que técnicamente quieren o cómo.
3615240	3618240	Técnicamente ninguno de los dos cierra.
3618240	3621240	Tú puedes mantener Bitcoin estándar
3621240	3624240	aislado o cruzado por dos años
3624240	3627240	y la diferencia es que el estándar,
3627240	3630240	si mal no recuerdo,
3630240	3633240	puede ganar un 1000% máximo.
3633240	3636240	Mientras... O sea, si digamos que...
3636240	3639240	Hiciste un trade así perfecto.
3639240	3642240	Al 1000% el exchange te lo va a cerrar.
3642240	3645240	Espero no dar información incorrecta.
3645240	3648240	Ustedes pueden verificarlo con el exchange.
3648240	3651240	Después de 1000% le van a cerrar
3651240	3654240	y no le van a preguntar y le van a decir
3654240	3657240	tome esto de su dinero, vayas, no va a ser quebrar.
3657240	3660240	En perpetual no. En perpetual creo que es 3000%.
3660240	3663240	Que puede sacarle a un solo trade.
3663240	3666240	O más. No, no, no estoy seguro.
3666240	3669240	Pero es muchísimo más que en estándar.
3669240	3672240	Usted puede ir alejando su target
3672240	3675240	y usted puede llegar a ganar hasta 3000%
3675240	3678240	sin que se le cierre la operación.
3678240	3681240	En estándar se la van a cerrar
3681240	3684240	y no se vaya a quejar porque para que esté en estándar
3684240	3687240	y no lee la letra pequeña.
3687240	3690240	Esa es la diferencia.
3690240	3693240	Pero es que no se siente igual, fijate.
3693240	3696240	O sea, es que si...
3696240	3699240	O sea, ves tú que vas así al 900%
3699240	3702240	y la abrí y decís
3702240	3705240	menos 10%, 60%, así como que
3705240	3708240	te estás perdiendo, ¿no? Por eso, pero...
3708240	3711240	¿Hola? ¿Te has escuchado?
3717240	3720240	Por eso, pero...
3723240	3726240	Ahí me va a soltar algo más de minería, dice Hernán Navarrete.
3726240	3729240	Yo con mucho gusto habló de minería también,
3729240	3732240	de DeFi, que es un documento
3732240	3735240	que les envié, pero necesitamos avanzar
3735240	3738240	mientras no avancemos y en orden no.
3738240	3741240	Recuerdo que hace un par de meses
3741240	3744240	todavía en la comunidad privada hablaste
3744240	3747240	de una...
3747240	3750240	como de una validación
3750240	3753240	de nacionalidad en una isla, ¿lo recuerdas?
3753240	3756240	La seguiste usando, te dio resultado,
3756240	3759240	pero es que vos como hombre.
3759240	3762240	Una segunda nacionalidad me está tirando a mí este joven aquí.
3762240	3765240	No, una ciudadanía.
3765240	3768240	Míralo ahí, pues. La vez pasada me la hiciste
3768240	3771240	en Fracte de Binance. Miren, amigos,
3771240	3774240	nosotros en la Web 3 estamos
3774240	3777240	en proceso de la digitalización
3777240	3780240	y hay países que permiten
3780240	3783240	tener una doble residencia
3783240	3786240	y yo tengo la de Palau.
3786240	3789240	¿Sí? Soy residente de Palau,
3789240	3792240	igual que Vitalik.
3792240	3795240	¿Para qué te sirve? Se lo voy a decir,
3795240	3798240	pero que consten que...
3798240	3801240	es a nivel educativo
3801240	3804240	y siempre con fines estrictamente educativos
3804240	3807240	y que cada uno es responsable de lo que hace.
3807240	3810240	¿Sí? Bien.
3810240	3813240	A mí, como me gusta aprender y ser autodidacta,
3813240	3816240	hice un backtesting para ver
3816240	3819240	qué exchange me permiten hacer
3819240	3822240	en Waze, siendo un residente de Palau.
3822240	3825240	¿Me ves cara de Palau a mí?
3825240	3828240	Yo no los conozco, ni sé dónde quedan.
3828240	3831240	¿Un documento lo dice?
3831240	3834240	Sí, pero yo no sé ni dónde quedé
3834240	3837240	en el mapa. O sea...
3837240	3840240	No, justamente esa parte me había quedado claro,
3840240	3843240	pero ha de ser una isla que, no sé,
3843240	3846240	una tribu vive allí, no sé, yo no conozco dónde está.
3846240	3849240	Lo que sí sé es que yo le he hecho el down your customer
3849240	3852240	casi a todos los exchange.
3852240	3855240	Y ha pasado, por supuesto.
3855240	3858240	Cumplimiento legal. Dicen, no, joder, este hombre es malo.
3858240	3861240	Ahora me vienen a mí y me dicen,
3861240	3864240	no sé, yo no conozco dónde quedé,
3864240	3867240	y salen así bien pechos peludos de todos los abogados ahí.
3867240	3870240	Y ¿sabes cuánta gente se les está metiendo con residencias que no son?
3870240	3873240	Sí, claro.
3873240	3876240	Es que justamente en eso,
3876240	3879240	ya no sé si, yo ya no estuve presente la vez que lo hablaste,
3879240	3882240	pero es educativo, ¿sí?
3882240	3885240	Entonces, si un exchange les pide a ustedes
3885240	3888240	que tienen que validar su cuenta,
3888240	3891240	y ya está.
3891240	3894240	Miren, pues se los voy a mostrar
3894240	3897240	para que usted, o sea, tiene...
3897240	3900240	eso está fuera de lugar, pero se llama...
3900240	3903240	también se puede sacarle de Portugal.
3913240	3916240	No, y aquí está Vitalik también.
3917240	3920240	La tarjeta que te dan
3920240	3923240	es esa que está en pantalla, es esta.
3923240	3926240	Y la tiene Vitalik, y yo.
3926240	3929240	No conozco nadie más que la tenga,
3929240	3932240	pero Vitalik y yo la tenemos.
3932240	3935240	Por eso le digo, yo estoy en los exchange
3935240	3938240	con KYC, con Residencia de Palau,
3938240	3941240	y pues estoy aquí, ¿no?
3941240	3944240	Sin líneas.
3944240	3947240	Ahora, si el exchange lo deja pasar
3947240	3950240	en su departamento de cumplimiento legal,
3950240	3953240	¿ese no es mi problema, o sí?
3953240	3956240	Ven entonces, ahí está.
3956240	3959240	Pero ya sabrá usted para qué ocupa la información
3959240	3962240	que yo le comparto.
3962240	3965240	No, no es ilegal.
3965240	3968240	De hecho, esto es ilegal,
3968240	3971240	y también lo tiene Portugal,
3971240	3974240	y solo que es un poco más cara.
3974240	3977240	Esta es más barata,
3977240	3980240	incluso sirve para crear cuentas en Amazon.
3980240	3983240	Perdón.
3983240	3986240	Dejemos este tema aquí, si quieren.
3986240	3989240	No, porque es que vos te metes en ellos,
3989240	3992240	y luego lo metes a mí. Sigamos con lo que estábamos.
3992240	3995240	Pero Vitalik tiene esa residencia al igual que yo.
3995240	3998240	De perdón. Recuerden que tenerla
3998240	4001240	no es malo, lo malo es tenerla y usarla
4001240	4004240	para lo que sea incorrecto, ¿de acuerdo?
4004240	4007240	Y el conocimiento no es malo.
4007240	4010240	Simplemente sirve para abrir puertas.
4010240	4013240	Si usted decide, qué puertas va a abrir, ¿sí?
4013240	4016240	Usted siempre manténgase dentro del marco
4016240	4019240	de lo legal, pero estudie.
4019240	4022240	Preguntas. Ya les dije,
4022240	4025240	querían preguntar, aquí estoy. Pregunte.
4025240	4028240	Dice, ¿cómo podemos ver las liquidaciones,
4028240	4031240	las órdenes de compra y venta?
4031240	4034240	¿Qué fuentes recomiendas para informarnos
4034240	4037240	de aspectos fundamentales?
4037240	4040240	Sí. Bien, las plataformas que ustedes pueden utilizar
4040240	4043240	para ver los líquides, yo no se las voy a recomendar.
4043240	4046240	¿De acuerdo?
4046240	4049240	Investigen por su propia cuenta eso,
4049240	4052240	porque eso no forma parte de mi estrategia
4052240	4055240	en este momento.
4055240	4058240	¿Cómo me voy a hacer eso?
4058240	4061240	¿Y vos?
4061240	4064240	¿Cuándo bueno?
4064240	4067240	Bueno. Ah, listo.
4067240	4070240	¿Y para...?
4070240	4073240	Nada más tengo una duda en...
4073240	4076240	Bueno, cuando detectas un rango,
4076240	4079240	siempre debe ir precedido un rango de una pinbar.
4079240	4082240	No siempre. No siempre.
4082240	4085240	Pero si tenés la pinbar, es como un plus.
4085240	4088240	O sea, es como que te da más confianza.
4088240	4091240	OK.
4091240	4094240	¿Conoces algún taller sobre minería?
4094240	4097240	Porque realmente sí me interesa. OK.
4097240	4100240	¿Pero tú quieres aprender a minar?
4100240	4103240	Sí, sí, porque sí tenía pensado tener un proyecto,
4103240	4106240	porque yo, por ejemplo, yo soy de Sonora.
4106240	4109240	Y eso, pues...
4109240	4112240	pues sí me interesa. Yo y otro amigo queremos hacer
4112240	4115240	ese proyecto de minar el beat goal.
4115240	4118240	Más o menos cuanto...
4121240	4124240	Mira, es que yo considero que con paneles solar
4124240	4127240	la inversión es bastante alta.
4127240	4130240	Sí, estamos conscientes, sí.
4130240	4133240	Y siendo de cierto, la temperatura es bastante alta.
4133240	4136240	Entonces, ya no estamos hablando solamente
4136240	4139240	del consumo de los equipos,
4139240	4142240	sino el consumo de la temperatura
4142240	4145240	que vas a tener que en una zona como esa
4145240	4148240	necesitas muchos aires acondicionados
4148240	4151240	que consumen mucha energía también. OK.
4151240	4154240	Entonces, la energía de los paneles solares
4154240	4157240	utilizan baterías de ciclo profundo
4157240	4160240	con su respectivo transformador
4160240	4163240	a la corriente alterna.
4163240	4166240	La corriente alterna es así.
4166240	4169240	Y la corriente directa es así.
4169240	4172240	Entonces, esos 12 voltios en todos esos equipos,
4172240	4175240	aparte de los paneles solares,
4175240	4178240	necesitas que llega con 12 voltios
4178240	4181240	a unas baterías que se parecen a las de los celulares
4181240	4184240	que son de ciclo profundo para que mantengan la carga.
4184240	4187240	Bien, después de eso va un transformador
4187240	4190240	que te la pasa de 12 voltios a la energía
4190240	4193240	que necesitan los mineros que va de 60 hercios.
4193240	4196240	OK.
4196240	4199240	Vaya, te estoy diciendo eso para que calcules,
4199240	4202240	hagas el cálculo del gasto que vas a tener.
4202240	4205240	Después de eso, hay que poner la máquina
4205240	4208240	donde vas a montar todos los mineros.
4208240	4211240	Si esto fuera como un plato,
4211240	4214240	yo creo que los paneles solares
4214240	4217240	que necesitarías,
4217240	4220240	es que no, yo creo que vas a perder.
4220240	4223240	Con paneles solares, yo creo que perderías.
4223240	4226240	Tenés que buscar energía eléctrica barata.
4226240	4229240	Pero barata,
4229240	4232240	casi enregalada.
4232240	4235240	Y ahí sí, minería se vuelve un buen negocio.
4235240	4238240	OK, ya. Muchas gracias.
4238240	4241240	Listo.
4241240	4244240	Aquí tenemos otra pregunta en línea
4244240	4247240	de Zahid. Pregunta si nos podrías
4247240	4250240	explicar cómo operar el grid trading.
4250240	4253240	Por supuesto, pero eso
4253240	4256240	lo vamos a hacer cuando nos corresponda.
4256240	4259240	Es decir, querían preguntas,
4259240	4262240	aquí estoy. Pero no se me adelanten
4262240	4265240	porque la parte operativa,
4265240	4268240	o sea, yo voy a entrar al Exchange
4269240	4272240	juntos. Pero esto,
4272240	4275240	si quieren lo voy a, pero ya no me van a preguntar.
4275240	4278240	Porque una vez comience con eso, no me voy a detener.
4278240	4281240	Vamos a la siguiente pregunta.
4281240	4284240	Pregúntenme todo lo que quieran, pero no se me adelanten
4284240	4287240	con el tema porque si no me distorsionan
4287240	4290240	los tiempos para que ustedes al final
4290240	4293240	lleven algo, pues, con qué defenderse
4293240	4296240	en el mercado. Y no lleven un poquito de todo.
4296240	4299240	Porque el problema de llevar un poquito de todo
4299240	4302240	es que tenés un montón de nada.
4302240	4305240	No ven orden. Entonces, vamos en orden
4305240	4308240	para que al final ya sepa cómo operar
4308240	4311240	y si nos queda tiempo, le entramos a la minería,
4311240	4314240	al DeFi, al Staking, a lo que nos dé.
4314240	4317240	Pero yo creo que no nos va a dar. Seguimos.
4317240	4320240	Sí. Otra pregunta, Jaime.
4320240	4323240	Sobre el tema de diversificar el capital,
4323240	4326240	ya habías comentado que cuando hubo un problema
4326240	4329240	con la Stablecoin, habías mencionado si habías comprado
4329240	4332240	Bitcoin, hay que tener cash,
4332240	4335240	también metiste también HCA
4335240	4338240	porque tiene el,
4338240	4341240	¿cómo se dice?, el gasto que hace igual en el Bitcoin
4341240	4344240	en el mensual. También se puede decir que es como un tipo
4344240	4347240	de refugio, se puede decir. Lo hice por eso porque en una guerra
4347240	4350240	todos paramos en el hospital por suerte.
4351240	4354240	Y una parte en el banco,
4354240	4357240	si no me equivoco.
4357240	4360240	En el banco no, cash.
4360240	4363240	Entonces sería Bitcoin, cash, HCA.
4363240	4366240	Pero usemos comas. Digamos Bitcoin,
4366240	4369240	cash en efectivo.
4369240	4372240	Apple, oro
4372240	4375240	y alguna, en fin,
4375240	4378240	alguna acción
4378240	4381240	porque ante un escenario como ese no se nos vaya a desplumar
4381240	4384240	porque nos Stablecoin no confío nunca,
4384240	4387240	no importa el nombre que tenga, no me interesa.
4387240	4390240	Eso solamente es,
4390240	4393240	las utilizamos, ¿no? Ya.
4393240	4396240	Ok, muchas gracias.
4396240	4399240	Con gusto.
4399240	4402240	Jaime, bueno, bueno, ya. Este es el momento
4402240	4405240	para que pregunten porque aquí me estaban diciendo los del
4405240	4408240	que quieren preguntar, aquí estoy preguntando.
4408240	4411240	Pero cuando, cuando vayamos a darle otra vez
4411240	4414240	al temario, no voy a dejar que me pregunten
4414240	4417240	hasta que finalicemos los Teoas. Adelante.
4417240	4420240	Regresando a los patrones de salida,
4420240	4423240	comentabas el último que veíamos y revisando aquí
4423240	4426240	las monedas, ¿podemos ver un gráfico? A ver si estoy
4426240	4429240	en lo correcto. Claro. Es Core
4429240	4432240	USD. Core. Core.
4432240	4435240	Yo no la conozco.
4435240	4438240	Pero tengo una duda ahí del volumen,
4438240	4441240	porque el volumen es presidio de un volumen creciente
4441240	4444240	y no hay un,
4444240	4447240	no hay un pico como lo enseñabas ahorita en
4447240	4450240	SLP. ¿Es considerado el patron
4450240	4453240	de salida cuando tengamos una verde o no?
4453240	4456240	Ese está bien.
4456240	4459240	Ese está perfecto, ya me diste.
4459240	4462240	Y lo voy a explicar.
4462240	4465240	Esto no es una tendencia.
4465240	4468240	Este volumen no corresponde a esto.
4468240	4471240	Si alguien puede buscar y esto me dice que
4471240	4474240	Core tiene un fundamental
4474240	4477240	importante, esto
4477240	4480240	aún así es anormal.
4480240	4483240	No solo por el volumen, sino por el movimiento absurdo que tiene
4483240	4486240	y es ahí donde no tienen que meterse.
4486240	4489240	¿Y dónde están? No. Aquí arriba
4489240	4492240	normalmente siempre queda una área de liquidez.
4492240	4495240	Yo se la voy a marcar. Es esta, miren.
4495240	4498240	Es este tramo que está aquí.
4498240	4501240	Este pedazo.
4501240	4504240	Entonces, el que entra aquí en short
4504240	4507240	es casi seguro que va a perder.
4507240	4510240	Después de este movimiento suele volver a subir a tratar
4510240	4513240	de llenar este. No es un gap,
4513240	4516240	es una área de liquidez.
4516240	4519240	Aquí, cuando lleguemos aquí, short sin stop
4519240	4522240	o si le ponen stop por arriba de la machita última.
4522240	4525240	Yo normalmente no uso stop.
4525240	4528240	Aislado y, digamos,
4528240	4531240	si estuviera haciendo una proyección, le diría que esto
4531240	4534240	yo dejaría una orden en short
4534240	4537240	por aquí, así.
4537240	4540240	Así.
4540240	4543240	No me meto aquí.
4543240	4546240	Espero que salga la velita verde y aquí la ejecuto.
4546240	4549240	En caso de que yo decida usar un stop,
4549240	4552240	que no lo haría, pero
4552240	4555240	la pondría así.
4555240	4558240	Bueno, que no... lo voy a deformar aquí.
4562240	4565240	Así.
4565240	4568240	Por arriba de esto.
4568240	4571240	Pero si se acuerdan que en el ejercicio, incluso a veces
4571240	4574240	sobe un poquitito más.
4574240	4577240	Corro el riesgo de que me saque y luego haga
4577240	4580240	lo que ya sabemos que va a hacer. Es que aquí dudas no hay.
4580240	4583240	Esto va a terminar así.
4583240	4586240	El problema es la volatilidad.
4586240	4589240	Que si lo hacemos, el que esté aquí ya perdió.
4589240	4592240	Eso es seguro.
4592240	4595240	Por la volatilidad que tiene, que vaya 5X,
4595240	4598240	el movimiento del cisto se lo va a reventar.
4598240	4601240	Entrando aquí, donde yo no he puesto, todavía hay riesgo.
4601240	4604240	Pero menos.
4604240	4607240	Ahí en este mismo gráfico, el volumen que está,
4607240	4610240	¿tú consideras que es un volumen sano?
4610240	4613240	No. Mira cómo viene.
4613240	4616240	Mira todo esto.
4616240	4619240	Nosotros tenemos que
4619240	4622240	identificar la tendencia.
4622240	4625240	¿Cuál es la tendencia aquí?
4625240	4628240	¿Un triangle?
4628240	4631240	No, digamos hasta aquí.
4631240	4634240	¿Un triangle?
4634240	4637240	Exacto, una tendencia lateral.
4637240	4640240	Si yo te digo que aquí comienza una tendencia el cista,
4640240	4643240	estaría diciendo que esto es una onda 1.
4643240	4646240	Entonces,
4646240	4649240	si yo hiciera eso,
4649240	4652240	ya van a ver, voy a hacer la proyección.
4652240	4655240	Es que no lo voy a hacer,
4655240	4658240	pero eso ustedes ignórenlo y saquenlo de su mente.
4658240	4661240	Esto sería una onda 1,
4661240	4664240	el retroceso en onda 2, la onda 3,
4664240	4667240	una onda 4, y estaríamos nosotros matándolo
4667240	4670240	a hacer unos billonarios.
4670240	4673240	Así.
4673240	4676240	Ahora dígame si usted cree que eso va a pasar.
4676240	4679240	De 2 dólares,
4679240	4682240	de 3 dólares a 161.
4685240	4688240	Mira cómo se llama esto.
4691240	4694240	Se llama solar.
4694240	4697240	No, pero ¿dónde está Bitcoin?
4697240	4700240	¿Cuánto está en 67?
4700240	4703240	67.000 dólares.
4703240	4706240	Yo te puedo constar que en este ciclo va a surgir una moneda
4706240	4709240	que de 3 dólares se va a ir a 200.
4709240	4712240	Y hay 2 millones.
4712240	4715240	Va a ser core.
4715240	4718240	Lo que está diciendo es que estamos hablando de una locura
4718240	4721240	y que es algo que ha pasado en el pasado, reciente.
4721240	4724240	OK, pero en ese pasado incluso yo había 400 criptos
4724240	4727240	cuando yo comencé.
4728240	4731240	Lo que estoy defendiendo es que...
4731240	4734240	No, yo lo que defiendo aquí es que hay cosas en el mercado
4734240	4737240	regulado que son imposibles.
4737240	4740240	OK, bueno, esto es como que te cae una bala perdida.
4740240	4743240	Así. O sea, ya si te cae una bala perdida,
4743240	4746240	que le toca.
4746240	4749240	Esto no va a pasar.
4749240	4752240	Entonces, porque si yo voy a ver la cantidad de criptos
4752240	4755240	que hay en el mercado hoy,
4755240	4758240	si quieren ir entre Quick Market Cap, yo mejor ni la veo.
4758240	4761240	No, 30.000 la veían hace como 3 años.
4765240	4768240	Jaime.
4768240	4771240	Te veo.
4771240	4774240	¿Puedo mover esa misma moneda pero en BinX?
4774240	4777240	Es que hay algo ahí que...
4777240	4780240	Me imagino yo que es por lechens que tiene...
4780240	4783240	No tiene tanto...
4783240	4786240	Las criptos tienen que tener arbitraje.
4786240	4789240	Entonces, independientemente del lechens que lo estamos viendo,
4789240	4792240	por arbitraje tiene que valer lo mismo.
4792240	4795240	Porque si yo estoy en un lechens, vale dos dólares.
4795240	4798240	Si el otro vale uno, ya me hice millonario también.
4798240	4801240	Si ahí pasó algo raro, porque hay un bajo.
4801240	4804240	Y esto se llama Core QST en BinX.
4804240	4807240	Core QST.
4808240	4811240	A abajo.
4814240	4817240	No, el A, pero ese es el estándar.
4817240	4820240	O sea, me imagino que con el estándar.
4820240	4823240	Ahí estaba bajito.
4823240	4826240	La segunda.
4826240	4829240	¿Este Futuros?
4829240	4832240	El estándar.
4832240	4835240	Ok, gente, vamos.
4835240	4838240	¿Qué explicación tiene eso?
4838240	4841240	Eso que pasó ahí.
4841240	4844240	Bueno, déjame verlo primero porque...
4866240	4869240	Ok.
4869240	4872240	Ok.
4872240	4875240	Ok.
4875240	4878240	Ok.
4878240	4881240	Ok.
4888240	4891240	Ok.
4891240	4894240	Ok.
4894240	4897240	Ok.
4897240	4900240	Ok.
4900240	4903240	Ok.
4922240	4925240	Bien.
4927240	4931240	Bien.
4957240	4960240	Ok.
4987240	4990240	Ok.
4990240	4993240	Bien.
4993240	4996240	Bien.
5002240	5005240	Bien.
5008240	5011240	Bien.
5011240	5014240	Bien.
5017240	5022240	No, no, no, de ya en general, no, ya, eso ya es pasando la página.
5022240	5023240	OK, OK, lanzamos la página.
5023240	5024240	¿Y entonces qué hago hoy?
5024240	5028240	Es simplemente una pregunta sobre la fractalidad, los fractales,
5028240	5031240	que si dice que en cuatro horas lo vemos se va a repetir en una hora,
5031240	5033240	en diario, ¿verdad?
5033240	5035240	El fractal, ese mismo movimiento.
5035240	5038240	Entonces, ¿se puede decir que uno puede ir viendo en temporalidad
5038240	5041240	ya más bajas lo que probablemente va a pasar en una más alta
5041240	5044240	o es al revés?
5045240	5048240	Yo siento que esa es una muy buena pregunta porque depende
5048240	5050240	de la experiencia que tiene cada uno.
5050240	5054240	En mi caso, yo cuando veo que pasan esos patrones en temporalidades
5054240	5059240	más bajas, asumo que va a pasar en la más alta también.
5059240	5062240	O sea, voy de la más baja a la más alta.
5062240	5066240	Este da hora actual.
5066240	5068240	Lo visualizo.
5068240	5073240	Lo visualizo y en cuatro horas está pasando lo mismo.
5073240	5074240	Va a pasar lo mismo.
5074240	5075240	El desarrollo.
5075240	5079240	Va como en el desarrollo.
5079240	5080240	Sí.
5080240	5083240	Vamos a ir a ver aquí esto.
5088240	5091240	Un minuto.
5096240	5101240	Bien, si no hay más preguntas, continuamos porque tengo al menos
5101240	5106240	unos 20 minutos más para ver el siguiente patrón.
5106240	5108240	Online.
5108240	5110240	Sí.
5117240	5119240	Bueno.
5119240	5121240	Sí.
5121240	5123240	¿Qué es Monero y para qué sirve?
5123240	5124240	¿Cuál es su función?
5124240	5125240	Perdón.
5125240	5126240	Disculpe.
5126240	5127240	Sí.
5127240	5128240	¿Qué es Monero?
5128240	5131240	¿Qué sirve y cuál es su función?
5136240	5142240	Digamos que Monero tiene un nicho bien específico
5142240	5148240	para la privacidad incluyendo ASEC y DASH.
5148240	5152240	Esas tres deberían de ser deslistadas de los exchanges
5152240	5157240	que van a ser regulados próximamente.
5158240	5161240	ASEC y DASH.
5164240	5165240	Bueno.
5165240	5166240	OK.
5166240	5170240	Si me podría dar un ejemplo de cómo se puede utilizar Monero,
5170240	5177240	es lo que tú me comentas que es muy invisible se podría decir.
5177240	5179240	Estoy en México.
5179240	5183240	Yo creo que ya comí eso y, o sea...
5183240	5184240	OK.
5184240	5185240	Vale, mira.
5185240	5187240	Pero poneme...
5189240	5191240	A ver, a ver, a ver.
5191240	5196240	Vamos a suponer que tenés como un par de calcetines que están sucios, ¿no?
5196240	5199240	Y tú quieres lavar ese par de calcetines.
5199240	5203240	Entonces, como los calcetines ya están muy sucios,
5203240	5207240	y lo que se hace es usar una lavadora de esas potentes.
5207240	5211240	Entonces, digamos que esto que está aquí es una lavadora
5211240	5214240	y se llama Monero.
5214240	5218240	Entonces, aquí tenés tus calcetines chucos.
5218240	5221240	Entonces, lo que sé es meterlos aquí.
5221240	5223240	Y en la cadena de bloques de Monero,
5223240	5227240	una vez entre, tienes cinco posibles salidas.
5227240	5230240	Entonces, en la cadena de bloques de Monero,
5230240	5232240	tienes cinco posibles salidas.
5232240	5236240	Entonces, después de eso, en la siguiente transacción,
5236240	5240240	las empresas que se dedican a hacer seguimiento de transacciones
5240240	5244240	no tienen la certeza de esta entrada
5244240	5248240	si salió en esta punta o en las otras posibles cuatro.
5248240	5251240	Entonces, de esta punta, vuelves a hacer una transacción
5251240	5254240	a la entrada de estos calcetines chucos que los llevas por aquí
5254240	5258240	a otra lavadora que es otra billetera de Monero.
5258240	5262240	Entonces, esta otra vez vuelve a tener otros posibles cinco
5262240	5266240	salidas de esos calcetines chucos que traes aquí.
5266240	5270240	Entonces, en todo este proceso, le perdés el rastro
5270240	5274240	a la gente que te viene siguiendo.
5274240	5278240	Al final, los calcetines quedan limpios y los puede volver a usar.
5278240	5282240	Sí. Listo.
5282240	5286240	Con gusto. Ni tanto.
5286240	5288240	No me gusta ser hipócrita.
5288240	5290240	Por eso le di todo el tiempo que quisieron
5290240	5294240	para que me preguntaran hasta cuánto consume un aire acondicionado.
5294240	5298240	Miren, aquí no hay mucho que hacer ni que practicar ni nada.
5298240	5302240	Aquí es rango caída cuando tenemos un patrón de direccionalidad bajista
5302240	5304240	con pendiente negativa. Aquí no se ve la pendiente negativa.
5304240	5310240	Pero en el dibujo no, pero en el link,
5310240	5314240	que tienen ustedes ahí, si lo dan clic, van a ver qué pasa después.
5314240	5318240	Esta es una divergencia bajista dentro de una tendencia alcista.
5318240	5322240	Y nosotros aquí nos esperamos un lateral o una caída.
5322240	5326240	O sea, un ABC o una caída a la media.
5326240	5330240	Para seguir cayendo, no.
5330240	5334240	Después de que caiga aquí, revisamos.
5334240	5336240	Aquí volvemos a hacer el análisis.
5336240	5338240	Aquí volvemos a hacer el análisis.
5338240	5342240	Pero aquí no tenemos que tener duda de que va a dejar de subir.
5346240	5350240	Es que ese es el que tenía vidcom y salió perfecto.
5350240	5354240	Mañana lo que vamos a hacer es operar.
5354240	5356240	No tienen dudas ahí o así.
5356240	5358240	No, si no, pregunte otra vez.
5358240	5362240	Porque yo aquí de verdad no hay mucho que hacer.
5362240	5366240	Es como no ser que me quieran un ejemplo
5366240	5368240	en bitcoin gráfico diario.
5370240	5372240	No, ese era el otro.
5372240	5374240	Busquemos uno.
5374240	5376240	En el presente.
5380240	5382240	Ya le voy a encontrar.
5384240	5386240	Sí, ese es el problema.
5386240	5390240	Me va a tocar ir al pasado y no me gusta viajar.
5392240	5396240	Ajá, pero aquí atrás no, no, no, no.
5396240	5398240	Sí, sí, sí.
5398240	5400240	Yo lo tengo que encontrar uno.
5422240	5426240	Alguien me acuerda porque Wulfich es un pez doradito.
5434240	5436240	¿Es un múltiplo?
5436240	5438240	Sí.
5438240	5440240	Ahí tengo.
5440240	5442240	Ah, ok.
5442240	5444240	Pero es el pez.
5444240	5446240	Sí, sí, sí.
5446240	5448240	Es un pez doradito.
5448240	5450240	Ahí tengo.
5450240	5452240	Ok, perfecto.
5454240	5456240	¿En qué temporalidad?
5456240	5458240	Porque en el diario.
5458240	5460240	Ajá, eso está bien.
5462240	5464240	Sólo que en el ejemplo,
5464240	5466240	en el gráfico de cuatro horas está bien.
5466240	5474240	Pero si nosotros somos objetivos en el gráfico diario,
5474240	5476240	ya sabemos lo que va a pasar.
5476240	5480240	Y después de eso, después de que rompa la alza en el gráfico de cuatro horas,
5480240	5482240	ahí está el short.
5482240	5484240	No en donde está en este momento.
5484240	5486240	¿Se acuerdan que teníamos una velita?
5486240	5488240	Creo que es este mismo gráfico.
5488240	5492240	Esta es una divergencia bajista dentro de una tendencia alcista,
5492240	5496240	en donde en este caso ya pasó el tiempo y estamos cayendo a la media de 55.
5496240	5500240	Le hace falta un poquitito de tiempo todavía.
5500240	5502240	Bueno, la verdad es que ya casi no.
5502240	5504240	Ahí por ahí podríamos ir buscando posiciones en long
5504240	5508240	y no tiene un movimiento alcista tipo meme.
5508240	5510240	Es decir, aquí hay volumen,
5510240	5512240	pero el movimiento va despacio,
5512240	5514240	se va deteniendo.
5514240	5516240	Aquí tenemos un retroceso,
5516240	5518240	se forma un valle roja y se forma un valle verde.
5518240	5520240	O sea, así lo ven que va correcto.
5520240	5524240	No es que viene así y de repente le hace así.
5524240	5526240	Este movimiento está bien.
5526240	5530240	Entonces, por aquí todavía se podría operar el siguiente movimiento alcista,
5530240	5532240	que es el que liquida a la gente que lo ve en el diario
5532240	5534240	y quiere meterse aquí arriba.
5534240	5536240	Por eso les digo,
5536240	5538240	en los que se meten aquí,
5538240	5540240	en short van a perder.
5540240	5544240	Porque el liquidez que tienen quiere buscar el que quedó aquí arriba,
5544240	5546240	que es el long del de cuatro horas.
5546240	5548240	Parece trabalenguas, pero no.
5548240	5550240	Créanme que no es tan difícil.
5550240	5552240	Aquí arriba,
5552240	5554240	¿se acuerdan que les hice así?
5554240	5556240	Y les comenté que los que entren aquí en short,
5556240	5558240	después de que sale la velita verde
5558240	5560240	y logra llegar al área de liquidez
5560240	5562240	que quedó en ese rectángulo amarillo,
5562240	5564240	ahí está el short.
5564240	5566240	Si nos vamos a un gráfico de cuatro horas,
5566240	5568240	sería básicamente ahí.
5568240	5570240	El movimiento va a ser así.
5570240	5572240	Cuando estemos aquí,
5572240	5574240	ahí es el short.
5574240	5576240	Pero recuerden,
5576240	5578240	en verdad,
5578240	5580240	el movimiento va a ser así.
5580240	5582240	Cuando estemos aquí,
5582240	5584240	ahí es el short.
5584240	5586240	Pero recuerden,
5586240	5588240	aislado,
5588240	5590240	con un capital que existen dispuestos a perder,
5590240	5592240	3x sin stop.
5592240	5594240	Porque cuando esa cosa caiga,
5596240	5598240	cae bastante.
5598240	5600240	O sea, no es que cae poquito,
5600240	5602240	cae bastante.
5602240	5604240	Entonces, a 3x o 5x no estaría mal
5604240	5606240	poderlo operar.
5606240	5608240	Sí,
5608240	5610240	pero hay que usar el stop
5610240	5612240	porque el gráfico de cuatro horas,
5612240	5614240	si yo me equivoco
5614240	5616240	y ni siquiera logra salir en el diario,
5616240	5618240	la velita verde
5618240	5620240	y se va de pasadas,
5620240	5622240	igual va a poder quemar una cuenta.
5622240	5624240	Entonces, hay que usar un stop
5624240	5626240	por debajo de la media y para arriba.
5626240	5628240	Este para arriba solo es para liquidar
5628240	5630240	en los que se están metiendo en short.
5630240	5632240	Entonces,
5632240	5634240	cuando estemos aquí,
5634240	5636240	solo es para liquidar en los que se están metiendo en short aquí
5636240	5638240	en un gráfico diario.
5638240	5640240	Cuando llegue aquí,
5640240	5642240	es la posición en short.
5642240	5644240	Porque aquí arriba quedó un poquito de liquidez.
5646240	5648240	Y si no,
5648240	5650240	pueden usar el indicador este que les comenté
5650240	5652240	la vez pasada es
5652240	5654240	para ver dónde está.
5654240	5656240	La parte más débil
5656240	5658240	movimiento está aquí.
5658240	5660240	Yo lo pongo aquí.
5660240	5662240	El indicador lo pone que está
5662240	5664240	básicamente por la misma zona.
5664240	5666240	Él te marca el máximo anterior.
5666240	5668240	Pero la verdad es que
5668240	5670240	en la vida real no funciona así tampoco.
5670240	5672240	O sea, no es perfecto pues que la puntita
5672240	5674240	aquí, el movimiento, no.
5674240	5676240	Ya dentro de la zona
5676240	5678240	amarilla se pueden buscar posiciones
5678240	5680240	en short,
5680240	5682240	teniendo en cuenta que en el gráfico diario está así.
5686240	5688240	Después de la velita verde
5688240	5690240	del diario,
5690240	5692240	buscamos short.
5692240	5694240	Porque mire esto pues.
5694240	5696240	Y
5696240	5698240	termina más o menos así.
5702240	5704240	Bien.
5704240	5706240	Bueno, si no sigamos.
5706240	5708240	Solo si tengo una duda, Jaime.
5708240	5710240	En la presentación que tienes
5710240	5712240	donde marca la divergencia,
5712240	5714240	lo puedes poner.
5714240	5716240	Por ejemplo, te marca divergencia
5716240	5718240	y cómo sabes. Por ejemplo, ahí
5718240	5720240	en el tiempo presente, en el primer valle,
5720240	5722240	cuando ya pierde la fuerza,
5722240	5724240	el squeeze se gira a la baja,
5724240	5726240	vuelve a subir.
5726240	5728240	Y luego hay otro pequeño valle,
5728240	5730240	donde otra vez el monitor se gira.
5730240	5732240	O sea, puedes ver como en tres momentos
5732240	5734240	tres divergencias.
5734240	5736240	Y a veces siempre sigue subiendo el precio.
5736240	5738240	Cómo le das para determinar en qué momento ya
5738240	5740240	si es la divergencia correcta
5740240	5742240	donde se detiene o cae.
5742240	5744240	Miren, si alguien me puso atención,
5744240	5746240	ya lo vio.
5746240	5748240	Alguien que me ayude a contestar esa pregunta
5748240	5750240	porque está fácil.
5750240	5752240	Tú lo estás viendo aquí.
5752240	5754240	Pero de todas maneras,
5754240	5756240	ustedes saben por qué aquí
5756240	5758240	si lo dejé bajista y no aquí.
5760240	5762240	Quiero ver qué ven ustedes, a ver si vemos
5762240	5764240	lo mismo. Parece examen psicológico esto.
5770240	5772240	El volumen, en fin,
5772240	5774240	eso es importante. Solo quiero aclarar
5774240	5776240	que el monitor no nos da volumen.
5778240	5780240	Esto es una diversión bajista.
5780240	5782240	Información porque la DX sigue
5782240	5784240	con pendiente positivo.
5784240	5786240	Pero en el volumen ustedes también ven que va
5786240	5788240	decreciendo. Normalmente
5788240	5790240	siempre los dos van iguales.
5790240	5792240	Normalmente.
5792240	5794240	Pero no estoy diciendo que este sea
5794240	5796240	volumen. Por eso puedo tener
5796240	5798240	este también. Pero yo quiero ver si
5798240	5800240	allí alguien me dice por qué será bajista ahí.
5800240	5802240	Ese es un poquitito más difícil
5802240	5804240	de ver. Solo quiero ver que en las pantallas
5804240	5806240	se ve.
5806240	5808240	Sí, se ve mejor en las pantallas.
5810240	5812240	Yo veo a lo mejor por la
5812240	5814240	zona de liquidez en la que se encuentra.
5814240	5816240	Y bueno, veo que está
5816240	5818240	en un gráfico de cuatro horas.
5818240	5820240	Y le estoy sincero, yo lo revisaría en el diario
5820240	5822240	para ver si en el diario ya da
5822240	5824240	para bajista. Porque ahí en el de
5824240	5826240	cuatro horas para mí no es visible
5826240	5828240	ver hasta qué punto llega.
5828240	5830240	Y no tener una referencia de un gráfico
5830240	5832240	mayor que nos marque
5832240	5834240	la tendencia que ya se va
5834240	5836240	al contrario.
5840240	5842240	Miren amigos, cuando ustedes vean que hay
5842240	5844240	una pinbar muy bien
5844240	5846240	definida, bien, bien
5846240	5848240	definida, eso es
5848240	5850240	raro verlo.
5850240	5852240	Si usted se fija aquí,
5852240	5854240	¿dónde está? Le voy a poner
5854240	5856240	a ver.
5856240	5858240	A los que tienen una pantalla de aquel lado,
5858240	5860240	quiero que vean esto.
5864240	5866240	¿Se acuerdan que les dije que yo traía
5866240	5868240	un error?
5868240	5870240	Aquí,
5870240	5872240	solo es bajista porque hay una
5872240	5874240	pinbar que en el
5874240	5876240	demás escenario no está.
5876240	5878240	Ahora, yo pongo una flecha que va
5878240	5880240	a llegar más o menos a la media en donde debería
5880240	5882240	de encontrarse aquí.
5882240	5884240	Pero, si usted se fija,
5884240	5886240	el precio deja de subir.
5888240	5890240	¿Si o no?
5890240	5892240	Ajá, no.
5892240	5894240	Pero es que ya en el dibujo,
5894240	5896240	esa es una pauta plana.
5896240	5898240	Es decir, nosotros aquí,
5898240	5900240	como tenemos esta velita,
5900240	5902240	si la ven que es grande,
5902240	5904240	la parte alta del mechazo,
5904240	5906240	y llega hasta ese punto.
5906240	5908240	Entonces, como yo ya tengo todo esto bien desarrollado,
5908240	5910240	solo el ADX le hace saltar y girarse a la baja.
5910240	5912240	Entonces, en este punto,
5912240	5914240	yo esperaría que el precio caiga
5914240	5916240	o haga un lateral.
5916240	5918240	Entonces, si yo cuento
5918240	5920240	las ocho o diez velitas que hablamos con usted,
5920240	5922240	a partir de aquí,
5922240	5924240	si contamos son
5924240	5926240	2, 4, 6, 8,
5926240	5928240	10, 12,
5928240	5930240	14, bueno, pero a partir de
5930240	5932240	aquí rompe.
5932240	5934240	Se pasó varias velitas más.
5934240	5936240	Aquí hay como 14 velas
5936240	5938240	en todo este pedazo de rango.
5938240	5940240	Y nosotros hemos dicho
5940240	5942240	que después de unas ocho, diez o doce velitas
5942240	5944240	del patrón,
5944240	5946240	si no cae,
5946240	5948240	si no cae,
5948240	5950240	cancelamos este short
5950240	5952240	y
5952240	5954240	long.
5954240	5956240	No muy difícil, ¿verdad?
5956240	5958240	Es cuestión de tiempo.
5958240	5960240	Porque en el tiempo presente uno no ve así y dice,
5960240	5962240	no, esto tiene que caer.
5962240	5964240	Cayó un poquito, pero no llegó a la media.
5964240	5966240	Entonces,
5966240	5968240	luego sube, luego baja,
5968240	5970240	este es un 0, A,
5970240	5972240	B, C
5972240	5974240	y para arriba.
5974240	5976240	Entonces, una
5976240	5978240	divergencia bajista,
5978240	5980240	dentro de una tendencia elcista,
5980240	5982240	nos habla de que el precio se va...
5982240	5984240	va a dejar de subir.
5984240	5986240	Entonces, si va a dejar de subir,
5986240	5988240	aquí hay que vender.
5988240	5990240	O no comprar.
5990240	5992240	Esperamos que pase el tiempo
5992240	5994240	y compramos aquí.
5994240	5996240	Que en ese caso aquí ya tendríamos como desarrollado
5996240	5998240	en todo el valle, ¿no?
5998240	6000240	De ese lado.
6000240	6002240	O sea, yo lo que quiero es que si vean que deja de...
6002240	6004240	es lo más importante.
6004240	6006240	Si nosotros sabemos que va a dejar de subir,
6006240	6008240	entonces no compremos.
6008240	6010240	Porque ¿para qué?
6010240	6012240	Pues vamos a tener metido el dinero ahí y no vamos a ganar nada.
6012240	6014240	Ven, dime.
6014240	6016240	Con micrófono.
6016240	6018240	Porfa.
6018240	6020240	Bueno, a mí lo que me suele pasar
6020240	6022240	seguido en este tipo de situaciones
6022240	6024240	es cuando... pero
6024240	6026240	me ayuda más el ver el precio
6026240	6028240	porque visualmente sí lo veo como
6028240	6030240	de forma, digamos,
6030240	6032240	que se va derechito.
6032240	6034240	Pero cuando ves el precio, sí ves
6034240	6036240	como que se queda siempre en la misma zona.
6036240	6038240	No sé si a lo mejor eso tenga que ver
6038240	6040240	con el motivo de las velas japonesas,
6040240	6042240	que eso es claro.
6042240	6044240	No sé si a lo mejor eso tenga que ver con el motivo de las velas japonesas,
6044240	6046240	que eso es claro.
6046240	6048240	Sí, es que por eso
6048240	6050240	yo he comentado que las velas japonesas en sí
6050240	6052240	no son el precio.
6052240	6054240	Solo son una
6054240	6056240	manera de ver el precio.
6056240	6058240	Pero nosotros, es decir,
6058240	6060240	aunque yo les quite, por ejemplo,
6060240	6062240	no sé, aquí,
6062240	6064240	aunque yo use
6064240	6066240	una línea, el precio,
6066240	6068240	es decir, todo sigue estando exactamente
6068240	6070240	igual. Por ejemplo, acá.
6070240	6072240	Vamos a quitar
6072240	6074240	las velas japonesas y nosotros tendríamos
6074240	6076240	que ser capaces de seguir viendo lo mismo.
6076240	6078240	Así.
6078240	6080240	Yo ya no tengo velas japonesas,
6080240	6082240	pero el precio sigue estando aquí.
6082240	6084240	Entonces, yo tengo que determinar
6084240	6086240	con lo demás que me queda, si esto va a subir o va a bajar.
6086240	6088240	Si usted se fija, este punto
6088240	6090240	es más bajo que este.
6090240	6092240	Entonces, a partir de aquí,
6092240	6094240	nosotros llevamos un peligro de quiebre de estructura
6094240	6096240	al cista, en donde hemos tenido
6096240	6098240	un movimiento claramente al cista,
6098240	6100240	pero mientras no estemos por debajo
6100240	6102240	de la medida de 55,
6102240	6104240	la tendencia sigue siendo al cista.
6104240	6106240	Que velas japonesas no hay y que colores
6106240	6108240	tampoco, no importa, el color,
6108240	6110240	digo, el precio no tiene color.
6110240	6112240	Entonces, aquí,
6112240	6114240	igual somos capaces de hacer el análisis.
6114240	6116240	Aunque las velas japonesas no existan.
6118240	6120240	Sí, ahí vamos.
6128240	6130240	Es que aquí, allí se va a hacer un peligro
6130240	6132240	es que aquí, allí se va a hacer un pez.
6134240	6136240	Un pez, o sea, un...
6136240	6138240	algo así.
6138240	6140240	Se lo voy a poner.
6142240	6144240	Usen línea de tendencia.
6144240	6146240	Si sienten que es muy difícil,
6146240	6148240	mi parte
6148240	6150240	pueden usar línea de tendencia.
6150240	6152240	O sea, esto va a ser así.
6156240	6158240	Y ya por aquí, van a ver que se pone
6158240	6160240	muy ligada la cosa.
6160240	6162240	Por aquí va a venir a reventar con todo,
6162240	6164240	ya sea la baja o la alta.
6164240	6166240	Pero mientras no hagamos este pez bien desarrollado,
6166240	6168240	nosotros lo definimos desde aquí.
6168240	6170240	Desde antes que se forme.
6170240	6172240	O sea, desde el vientre te conocí,
6172240	6174240	le digo a la gente yo, porque
6174240	6176240	yo ya sé que a partir de aquí va a dejar de subir.
6176240	6178240	Si yo ya sé que voy a hacer esto,
6178240	6180240	lo voy a operar como tal.
6182240	6184240	Miren, esto casi no falla.
6184240	6186240	Si usted quiere operar tranquilo,
6186240	6188240	opere estos laterales
6188240	6190240	con la herramienta esta
6190240	6192240	de los grill.
6192240	6194240	Gana tiempo y dinero.
6198240	6200240	En el Solana en el diario
6200240	6202240	también tiene una pauta plana.
6202240	6204240	Yo voy a regresar a la vela japonesa
6204240	6206240	porque es lo más común
6206240	6208240	que ocupamos.
6208240	6210240	¿Me dijiste Solana?
6210240	6212240	Ajá, en el diario.
6214240	6216240	No, pero tenemos
6216240	6218240	el mismo patrón.
6218240	6220240	Eso está bien.
6220240	6222240	Esto.
6222240	6224240	La gente no está vendiendo.
6224240	6226240	Esto solamente te indica
6226240	6228240	que va a dejar de subir.
6228240	6230240	Es lo mismo.
6230240	6232240	Sí, lo mismo.
6232240	6234240	O sea, cambiamos nombre nada más.
6234240	6236240	Pasamos de que se llamara Bitcoin
6236240	6238240	a que se llamara Solana.
6238240	6240240	O sea,
6240240	6242240	es lo mismo.
6242240	6244240	A que se llamara Solana.
6244240	6246240	El patrón es exactamente igual.
6246240	6248240	Ve.
6248240	6250240	Esto deja de subir.
6250240	6252240	Y aquí se puede
6252240	6254240	ganar muy buen dinero.
6254240	6256240	Sólo operando un tramo del mercado.
6258240	6260240	Y es más fácil
6260240	6262240	ganar en Glock en Shop.
6262240	6264240	Es más fácil.
6268240	6270240	Ven.
6270240	6272240	Y...
6272240	6274240	¿Hasta que el cuerpo aguante
6274240	6276240	o nos vamos a comer?
6276240	6278240	No, ya no aguantan.
6278240	6280240	Si ya les estoy viendo la carita, están durmiendo.
6282240	6284240	No, pero sí hemos avanzado bastante
6284240	6286240	y mañana vamos a abrir el exchange ya.
6286240	6288240	O sea, mañana vamos...
6288240	6290240	Finalizo con esto.
6290240	6292240	Miren, para mañana
6292240	6294240	vamos a abrir el...
6294240	6296240	Yo voy a abrir el exchange.
6296240	6298240	Vamos a hacer los análisis.
6298240	6300240	Vamos a abrir la operación
6300240	6302240	en Paper Trading primero.
6302240	6304240	Vamos a hacer unos siete análisis.
6304240	6306240	Y luego vamos a determinar
6306240	6308240	cuál voy a operar yo.
6308240	6310240	Ustedes don. Yo sí.
6310240	6312240	Primero hacemos siete, ocho análisis
6312240	6314240	y vamos a ir a operar sólo dos
6314240	6316240	que consideremos que tienen
6316240	6318240	un mejor patrón
6318240	6320240	de entrada en donde tengo
6320240	6322240	menos riesgo y donde el stock
6322240	6324240	sea correcto
6324240	6326240	para mi riesgo.
6326240	6328240	Ustedes don. Ustedes lo van a hacer
6328240	6330240	hasta el Paper Trading nada más.
6330240	6332240	¿Sí? Entonces, vamos a cerrarlo
6332240	6334240	hasta aquí y...
6334240	6336240	buen provecho su almuerzo.
6336240	6338240	A la cabeza.
6340240	6342240	Ya les vi la carita ahí que tienen hambre.
6344240	6346240	Para los que están en línea,
6346240	6348240	nos vemos mañana. Traten de practicar
6348240	6350240	los patrones de entrada, de salida
6350240	6352240	y las zonas no operables ya
6352240	6354240	saben ustedes. Tapadito la media de 55
6354240	6356240	y síguelo en granada.
6356240	6358240	Practiquen porfa.
6384240	6386240	¡Gracias!
